المنطقة,المدينة,نوع القطاع,نوع الخدمة,التاريخ ميلادي,الرقم المرجعي للوكالة
الخدمات الرقمية,عام,القطاع العام,خدمة إلكترونية,2025/10/01,"41,603,795"
الخدمات الرقمية,عام,القطاع العام,خدمة إلكترونية,2025/10/01,"41,604,309"
الخدمات الرقمية,عام,القطاع العام,خدمة إلكترونية,2025/10/01,"41,606,138"
الخدمات الرقمية,عام,القطاع العام,خدمة إلكترونية,2025/10/01,"41,607,673"
الخدمات الرقمية,عام,القطاع العام,خدمة إلكترونية,2025/10/02,"41,626,546"
الخدمات الرقمية,عام,القطاع العام,خدمة إلكترونية,2025/10/02,"41,626,877"
الخدمات الرقمية,عام,القطاع العام,خدمة إلكترونية,2025/10/02,"41,628,867"
الخدمات الرقمية,عام,القطاع العام,خدمة إلكترونية,2025/10/02,"41,629,008"
الخدمات الرقمية,عام,القطاع العام,خدمة إلكترونية,2025/10/02,"41,629,072"
الخدمات الرقمية,عام,القطاع العام,خدمة إلكترونية,2025/10/02,"41,629,255"
الخدمات الرقمية,عام,القطاع العام,خدمة إلكترونية,2025/10/02,"41,630,585"
الخدمات الرقمية,عام,القطاع العام,خدمة إلكترونية,2025/10/02,"41,633,876"
الخدمات الرقمية,عام,القطاع العام,خدمة إلكترونية,2025/10/02,"41,635,317"
منطقة الرياض,الرياض,القطاع الخاص,خدمة إلكترونية جزئيا,2025/10/02,"41,635,159"
الخدمات الرقمية,عام,القطاع العام,خدمة إلكترونية,2025/10/02,"41,638,217"
الخدمات الرقمية,عام,القطاع العام,خدمة إلكترونية,2025/10/02,"41,640,524"
الخدمات الرقمية,عام,القطاع العام,خدمة إلكترونية,2025/10/02,"41,640,756"
الخدمات الرقمية,عام,القطاع العام,خدمة إلكترونية,2025/10/02,"41,641,321"
الخدمات الرقمية,عام,القطاع العام,خدمة إلكترونية,2025/10/03,"41,644,960"
الخدمات الرقمية,عام,القطاع العام,خدمة إلكترونية,2025/10/03,"41,645,437"
الخدمات الرقمية,عام,القطاع العام,خدمة إلكترونية,2025/10/03,"41,645,516"
الخدمات الرقمية,عام,القطاع العام,خدمة إلكترونية,2025/10/03,"41,646,400"
الخدمات الرقمية,عام,القطاع العام,خدمة إلكترونية,2025/10/03,"41,647,126"
الخدمات الرقمية,عام,القطاع العام,خدمة إلكترونية,2025/10/03,"41,647,389"
الخدمات الرقمية,عام,القطاع العام,خدمة إلكترونية,2025/10/03,"41,647,552"
الخدمات الرقمية,عام,القطاع العام,خدمة إلكترونية,2025/10/04,"41,648,081"
الخدمات الرقمية,عام,القطاع العام,خدمة إلكترونية,2025/10/04,"41,648,697"
الخدمات الرقمية,عام,القطاع العام,خدمة إلكترونية,2025/10/04,"41,648,730"
الخدمات الرقمية,عام,القطاع العام,خدمة إلكترونية,2025/10/04,"41,648,798"
الخدمات الرقمية,عام,القطاع العام,خدمة إلكترونية,2025/10/04,"41,648,803"
الخدمات الرقمية,عام,القطاع العام,خدمة إلكترونية,2025/10/04,"41,648,997"
الخدمات الرقمية,عام,القطاع العام,خدمة إلكترونية,2025/10/04,"41,649,119"
الخدمات الرقمية,عام,القطاع العام,خدمة إلكترونية,2025/10/04,"41,649,149"
الخدمات الرقمية,عام,القطاع العام,خدمة إلكترونية,2025/10/04,"41,649,407"
الخدمات الرقمية,عام,القطاع العام,خدمة إلكترونية,2025/10/04,"41,649,547"
الخدمات الرقمية,عام,القطاع العام,خدمة إلكترونية,2025/10/04,"41,649,694"
الخدمات الرقمية,عام,القطاع العام,خدمة إلكترونية,2025/10/04,"41,649,985"
الخدمات الرقمية,عام,القطاع العام,خدمة إلكترونية,2025/10/04,"41,650,482"
الخدمات الرقمية,عام,القطاع العام,خدمة إلكترونية,2025/10/04,"41,651,035"
الخدمات الرقمية,عام,القطاع العام,خدمة إلكترونية,2025/10/04,"41,652,429"
الخدمات الرقمية,عام,القطاع العام,خدمة إلكترونية,2025/10/04,"41,654,085"
الخدمات الرقمية,عام,القطاع العام,خدمة إلكترونية,2025/10/04,"41,656,736"
الخدمات الرقمية,عام,القطاع العام,خدمة إلكترونية,2025/10/05,"41,662,005"
الخدمات الرقمية,عام,القطاع العام,خدمة إلكترونية,2025/10/05,"41,667,055"
الخدمات الرقمية,كتابة عدل مدمجة - افتراضية,القطاع العام,خدمة إلكترونية جزئيا,2025/10/05,"41,665,853"
الخدمات الرقمية,عام,القطاع العام,خدمة إلكترونية,2025/10/05,"41,676,381"
الخدمات الرقمية,عام,القطاع العام,خدمة إلكترونية,2025/10/05,"41,677,314"
الخدمات الرقمية,عام,القطاع العام,خدمة إلكترونية,2025/10/05,"41,678,920"
الخدمات الرقمية,عام,القطاع العام,خدمة إلكترونية,2025/10/05,"41,683,785"
الخدمات الرقمية,عام,القطاع العام,خدمة إلكترونية,2025/10/06,"41,685,086"
الخدمات الرقمية,عام,القطاع العام,خدمة إلكترونية,2025/10/06,"41,690,328"
الخدمات الرقمية,عام,القطاع العام,خدمة إلكترونية,2025/10/06,"41,690,598"
الخدمات الرقمية,عام,القطاع العام,خدمة إلكترونية,2025/10/06,"41,692,167"
الخدمات الرقمية,عام,القطاع العام,خدمة إلكترونية,2025/10/06,"41,692,530"
الخدمات الرقمية,عام,القطاع العام,خدمة إلكترونية,2025/10/06,"41,697,333"
الخدمات الرقمية,عام,القطاع العام,خدمة إلكترونية,2025/10/06,"41,700,861"
الخدمات الرقمية,عام,القطاع العام,خدمة إلكترونية,2025/10/06,"41,702,464"
الخدمات الرقمية,عام,القطاع العام,خدمة إلكترونية,2025/10/06,"41,702,480"
الخدمات الرقمية,عام,القطاع العام,خدمة إلكترونية,2025/10/06,"41,707,072"
الخدمات الرقمية,عام,القطاع العام,خدمة إلكترونية,2025/10/07,"41,708,500"
الخدمات الرقمية,عام,القطاع العام,خدمة إلكترونية,2025/10/07,"41,713,107"
الخدمات الرقمية,عام,القطاع العام,خدمة إلكترونية,2025/10/07,"41,721,677"
الخدمات الرقمية,عام,القطاع العام,خدمة إلكترونية,2025/10/07,"41,723,254"
الخدمات الرقمية,عام,القطاع العام,خدمة إلكترونية,2025/10/07,"41,725,911"
الخدمات الرقمية,عام,القطاع العام,خدمة إلكترونية,2025/10/07,"41,727,885"
الخدمات الرقمية,عام,القطاع العام,خدمة إلكترونية,2025/10/07,"41,729,269"
الخدمات الرقمية,عام,القطاع العام,خدمة إلكترونية,2025/10/08,"41,731,900"
الخدمات الرقمية,عام,القطاع العام,خدمة إلكترونية,2025/10/08,"41,732,173"
الخدمات الرقمية,عام,القطاع العام,خدمة إلكترونية,2025/10/08,"41,733,059"
الخدمات الرقمية,عام,القطاع العام,خدمة إلكترونية,2025/10/08,"41,735,111"
الخدمات الرقمية,عام,القطاع العام,خدمة إلكترونية,2025/10/08,"41,741,028"
الخدمات الرقمية,عام,القطاع العام,خدمة إلكترونية,2025/10/08,"41,747,651"
منطقة الرياض,الرياض,القطاع الخاص,خدمة إلكترونية جزئيا,2025/10/08,"41,740,543"
منطقة الرياض,الرياض,القطاع الخاص,خدمة إلكترونية جزئيا,2025/10/08,"41,740,444"
الخدمات الرقمية,عام,القطاع العام,خدمة إلكترونية,2025/10/09,"41,755,192"
الخدمات الرقمية,عام,القطاع العام,خدمة إلكترونية,2025/10/09,"41,760,292"
الخدمات الرقمية,عام,القطاع العام,خدمة إلكترونية,2025/10/09,"41,760,298"
الخدمات الرقمية,عام,القطاع العام,خدمة إلكترونية,2025/10/09,"41,760,604"
الخدمات الرقمية,عام,القطاع العام,خدمة إلكترونية,2025/10/09,"41,767,751"
الخدمات الرقمية,عام,القطاع العام,خدمة إلكترونية,2025/10/10,"41,768,520"
الخدمات الرقمية,عام,القطاع العام,خدمة إلكترونية,2025/10/10,"41,772,308"
الخدمات الرقمية,عام,القطاع العام,خدمة إلكترونية,2025/10/10,"41,774,001"
الخدمات الرقمية,عام,القطاع العام,خدمة إلكترونية,2025/10/11,"41,776,196"
الخدمات الرقمية,عام,القطاع العام,خدمة إلكترونية,2025/10/11,"41,777,965"
الخدمات الرقمية,عام,القطاع العام,خدمة إلكترونية,2025/10/11,"41,781,430"
الخدمات الرقمية,عام,القطاع العام,خدمة إلكترونية,2025/10/11,"41,784,885"
الخدمات الرقمية,عام,القطاع العام,خدمة إلكترونية,2025/10/12,"41,787,669"
الخدمات الرقمية,عام,القطاع العام,خدمة إلكترونية,2025/10/12,"41,788,683"
الخدمات الرقمية,عام,القطاع العام,خدمة إلكترونية,2025/10/12,"41,792,040"
منطقة الرياض,الرياض,القطاع الخاص,خدمة إلكترونية جزئيا,2025/10/12,"41,792,897"
الخدمات الرقمية,عام,القطاع العام,خدمة إلكترونية,2025/10/12,"41,800,879"
الخدمات الرقمية,عام,القطاع العام,خدمة إلكترونية,2025/10/12,"41,802,187"
الخدمات الرقمية,عام,القطاع العام,خدمة إلكترونية,2025/10/12,"41,804,269"
الخدمات الرقمية,عام,القطاع العام,خدمة إلكترونية,2025/10/12,"41,804,561"
الخدمات الرقمية,عام,القطاع العام,خدمة إلكترونية,2025/10/12,"41,806,545"
الخدمات الرقمية,عام,القطاع العام,خدمة إلكترونية,2025/10/12,"41,807,673"
منطقة الرياض,الرياض,القطاع الخاص,خدمة إلكترونية جزئيا,2025/10/12,"41,792,773"
منطقة الرياض,الرياض,القطاع الخاص,خدمة إلكترونية جزئيا,2025/10/12,"41,792,225"
الخدمات الرقمية,عام,القطاع العام,خدمة إلكترونية,2025/10/13,"41,810,195"
منطقة الرياض,الرياض,القطاع العام,خدمة إلكترونية جزئيا,2025/10/13,"41,813,375"
الخدمات الرقمية,عام,القطاع العام,خدمة إلكترونية,2025/10/13,"41,817,887"
الخدمات الرقمية,عام,القطاع العام,خدمة إلكترونية,2025/10/13,"41,818,392"
الخدمات الرقمية,عام,القطاع العام,خدمة إلكترونية,2025/10/13,"41,820,800"
الخدمات الرقمية,عام,القطاع العام,خدمة إلكترونية,2025/10/13,"41,821,025"
الخدمات الرقمية,عام,القطاع العام,خدمة إلكترونية,2025/10/13,"41,825,048"
الخدمات الرقمية,عام,القطاع العام,خدمة إلكترونية,2025/10/13,"41,825,269"
الخدمات الرقمية,عام,القطاع العام,خدمة إلكترونية,2025/10/13,"41,825,518"
الخدمات الرقمية,عام,القطاع العام,خدمة إلكترونية,2025/10/13,"41,826,095"
الخدمات الرقمية,عام,القطاع العام,خدمة إلكترونية,2025/10/13,"41,827,511"
الخدمات الرقمية,عام,القطاع العام,خدمة إلكترونية,2025/10/13,"41,828,470"
الخدمات الرقمية,عام,القطاع العام,خدمة إلكترونية,2025/10/13,"41,830,183"
الخدمات الرقمية,عام,القطاع العام,خدمة إلكترونية,2025/10/13,"41,830,442"
الخدمات الرقمية,عام,القطاع العام,خدمة إلكترونية,2025/10/13,"41,830,812"
الخدمات الرقمية,عام,القطاع العام,خدمة إلكترونية,2025/10/13,"41,831,250"
الخدمات الرقمية,عام,القطاع العام,خدمة إلكترونية,2025/10/14,"41,831,926"
الخدمات الرقمية,عام,القطاع العام,خدمة إلكترونية,2025/10/14,"41,832,137"
الخدمات الرقمية,عام,القطاع العام,خدمة إلكترونية,2025/10/14,"41,832,555"
الخدمات الرقمية,عام,القطاع العام,خدمة إلكترونية,2025/10/14,"41,832,819"
الخدمات الرقمية,عام,القطاع العام,خدمة إلكترونية,2025/10/14,"41,832,826"
الخدمات الرقمية,عام,القطاع العام,خدمة إلكترونية,2025/10/14,"41,832,839"
الخدمات الرقمية,عام,القطاع العام,خدمة إلكترونية,2025/10/14,"41,832,854"
الخدمات الرقمية,عام,القطاع العام,خدمة إلكترونية,2025/10/14,"41,833,427"
الخدمات الرقمية,عام,القطاع العام,خدمة إلكترونية,2025/10/14,"41,834,775"
الخدمات الرقمية,عام,القطاع العام,خدمة إلكترونية,2025/10/14,"41,839,192"
الخدمات الرقمية,عام,القطاع العام,خدمة إلكترونية,2025/10/14,"41,842,711"
الخدمات الرقمية,عام,القطاع العام,خدمة إلكترونية,2025/10/14,"41,848,046"
الخدمات الرقمية,عام,القطاع العام,خدمة إلكترونية,2025/10/14,"41,848,052"
الخدمات الرقمية,عام,القطاع العام,خدمة إلكترونية,2025/10/14,"41,850,466"
الخدمات الرقمية,عام,القطاع العام,خدمة إلكترونية,2025/10/15,"41,867,954"
الخدمات الرقمية,عام,القطاع العام,خدمة إلكترونية,2025/10/15,"41,857,991"
الخدمات الرقمية,عام,القطاع العام,خدمة إلكترونية,2025/10/15,"41,858,192"
الخدمات الرقمية,عام,القطاع العام,خدمة إلكترونية,2025/10/15,"41,863,785"
الخدمات الرقمية,عام,القطاع العام,خدمة إلكترونية,2025/10/15,"41,867,955"
الخدمات الرقمية,كتابة عدل مدمجة - افتراضية,القطاع العام,خدمة إلكترونية جزئيا,2025/10/15,"41,868,614"
الخدمات الرقمية,عام,القطاع العام,خدمة إلكترونية,2025/10/15,"41,872,153"
الخدمات الرقمية,عام,القطاع العام,خدمة إلكترونية,2025/10/16,"41,878,902"
الخدمات الرقمية,عام,القطاع العام,خدمة إلكترونية,2025/10/16,"41,886,651"
الخدمات الرقمية,عام,القطاع العام,خدمة إلكترونية,2025/10/18,"41,899,738"
الخدمات الرقمية,عام,القطاع العام,خدمة إلكترونية,2025/10/18,"41,902,672"
الخدمات الرقمية,عام,القطاع العام,خدمة إلكترونية,2025/10/18,"41,903,018"
الخدمات الرقمية,عام,القطاع العام,خدمة إلكترونية,2025/10/18,"41,903,303"
الخدمات الرقمية,عام,القطاع العام,خدمة إلكترونية,2025/10/18,"41,904,130"
الخدمات الرقمية,عام,القطاع العام,خدمة إلكترونية,2025/10/19,"41,909,156"
الخدمات الرقمية,عام,القطاع العام,خدمة إلكترونية,2025/10/19,"41,910,441"
الخدمات الرقمية,عام,القطاع العام,خدمة إلكترونية,2025/10/19,"41,926,185"
الخدمات الرقمية,عام,القطاع العام,خدمة إلكترونية,2025/10/19,"41,929,828"
الخدمات الرقمية,عام,القطاع العام,خدمة إلكترونية,2025/10/20,"41,932,358"
الخدمات الرقمية,عام,القطاع العام,خدمة إلكترونية,2025/10/20,"41,932,359"
الخدمات الرقمية,عام,القطاع العام,خدمة إلكترونية,2025/10/20,"41,931,391"
الخدمات الرقمية,عام,القطاع العام,خدمة إلكترونية,2025/10/20,"41,931,441"
الخدمات الرقمية,عام,القطاع العام,خدمة إلكترونية,2025/10/20,"41,932,357"
الخدمات الرقمية,عام,القطاع العام,خدمة إلكترونية,2025/10/20,"41,933,922"
الخدمات الرقمية,عام,القطاع العام,خدمة إلكترونية,2025/10/20,"41,934,194"
الخدمات الرقمية,عام,القطاع العام,خدمة إلكترونية,2025/10/20,"41,935,401"
الخدمات الرقمية,عام,القطاع العام,خدمة إلكترونية,2025/10/20,"41,937,586"
الخدمات الرقمية,عام,القطاع العام,خدمة إلكترونية,2025/10/20,"41,939,169"
الخدمات الرقمية,عام,القطاع العام,خدمة إلكترونية,2025/10/20,"41,945,110"
الخدمات الرقمية,عام,القطاع العام,خدمة إلكترونية,2025/10/20,"41,949,363"
الخدمات الرقمية,عام,القطاع العام,خدمة إلكترونية,2025/10/21,"41,953,182"
الخدمات الرقمية,عام,القطاع العام,خدمة إلكترونية,2025/10/21,"41,955,241"
الخدمات الرقمية,عام,القطاع العام,خدمة إلكترونية,2025/10/21,"41,955,717"
الخدمات الرقمية,عام,القطاع العام,خدمة إلكترونية,2025/10/21,"41,955,782"
الخدمات الرقمية,كتابة عدل مدمجة - افتراضية,القطاع العام,خدمة إلكترونية جزئيا,2025/10/21,"41,960,826"
الخدمات الرقمية,عام,القطاع العام,خدمة إلكترونية,2025/10/21,"41,961,463"
الخدمات الرقمية,عام,القطاع العام,خدمة إلكترونية,2025/10/21,"41,966,724"
الخدمات الرقمية,عام,القطاع العام,خدمة إلكترونية,2025/10/21,"41,970,192"
الخدمات الرقمية,عام,القطاع العام,خدمة إلكترونية,2025/10/21,"41,971,055"
الخدمات الرقمية,عام,القطاع العام,خدمة إلكترونية,2025/10/21,"41,972,735"
الخدمات الرقمية,عام,القطاع العام,خدمة إلكترونية,2025/10/21,"41,974,181"
الخدمات الرقمية,عام,القطاع العام,خدمة إلكترونية,2025/10/22,"41,986,893"
الخدمات الرقمية,عام,القطاع العام,خدمة إلكترونية,2025/10/22,"41,989,274"
منطقة حائل,حائل,القطاع الخاص,خدمة إلكترونية جزئيا,2025/10/22,"41,989,083"
الخدمات الرقمية,عام,القطاع العام,خدمة إلكترونية,2025/10/22,"41,991,485"
الخدمات الرقمية,عام,القطاع العام,خدمة إلكترونية,2025/10/22,"41,992,644"
منطقة حائل,حائل,القطاع الخاص,خدمة إلكترونية جزئيا,2025/10/22,"41,987,042"
الخدمات الرقمية,عام,القطاع العام,خدمة إلكترونية,2025/10/23,"41,998,928"
الخدمات الرقمية,عام,القطاع العام,خدمة إلكترونية,2025/10/23,"41,999,073"
الخدمات الرقمية,عام,القطاع العام,خدمة إلكترونية,2025/10/23,"42,001,001"
الخدمات الرقمية,عام,القطاع العام,خدمة إلكترونية,2025/10/23,"42,004,040"
الخدمات الرقمية,عام,القطاع العام,خدمة إلكترونية,2025/10/23,"42,006,460"
الخدمات الرقمية,عام,القطاع العام,خدمة إلكترونية,2025/10/23,"42,008,347"
الخدمات الرقمية,عام,القطاع العام,خدمة إلكترونية,2025/10/24,"42,014,414"
الخدمات الرقمية,عام,القطاع العام,خدمة إلكترونية,2025/10/25,"42,018,645"
الخدمات الرقمية,عام,القطاع العام,خدمة إلكترونية,2025/10/25,"42,019,402"
الخدمات الرقمية,عام,القطاع العام,خدمة إلكترونية,2025/10/25,"42,020,276"
الخدمات الرقمية,عام,القطاع العام,خدمة إلكترونية,2025/10/25,"42,022,779"
الخدمات الرقمية,عام,القطاع العام,خدمة إلكترونية,2025/10/25,"42,027,721"
الخدمات الرقمية,عام,القطاع العام,خدمة إلكترونية,2025/10/25,"42,027,919"
الخدمات الرقمية,عام,القطاع العام,خدمة إلكترونية,2025/10/26,"42,043,415"
الخدمات الرقمية,عام,القطاع العام,خدمة إلكترونية,2025/10/26,"42,045,838"
الخدمات الرقمية,عام,القطاع العام,خدمة إلكترونية,2025/10/26,"42,046,193"
الخدمات الرقمية,عام,القطاع العام,خدمة إلكترونية,2025/10/26,"42,046,259"
الخدمات الرقمية,عام,القطاع العام,خدمة إلكترونية,2025/10/26,"42,046,260"
الخدمات الرقمية,عام,القطاع العام,خدمة إلكترونية,2025/10/26,"42,046,707"
الخدمات الرقمية,عام,القطاع العام,خدمة إلكترونية,2025/10/26,"42,046,958"
الخدمات الرقمية,عام,القطاع العام,خدمة إلكترونية,2025/10/26,"42,047,209"
الخدمات الرقمية,عام,القطاع العام,خدمة إلكترونية,2025/10/26,"42,047,421"
الخدمات الرقمية,عام,القطاع العام,خدمة إلكترونية,2025/10/26,"42,047,730"
الخدمات الرقمية,عام,القطاع العام,خدمة إلكترونية,2025/10/26,"42,048,382"
الخدمات الرقمية,عام,القطاع العام,خدمة إلكترونية,2025/10/27,"42,051,309"
الخدمات الرقمية,عام,القطاع العام,خدمة إلكترونية,2025/10/27,"42,051,310"
الخدمات الرقمية,عام,القطاع العام,خدمة إلكترونية,2025/10/27,"42,051,347"
الخدمات الرقمية,عام,القطاع العام,خدمة إلكترونية,2025/10/27,"42,053,177"
الخدمات الرقمية,عام,القطاع العام,خدمة إلكترونية,2025/10/27,"42,054,965"
الخدمات الرقمية,عام,القطاع العام,خدمة إلكترونية,2025/10/27,"42,059,342"
الخدمات الرقمية,عام,القطاع العام,خدمة إلكترونية,2025/10/27,"42,061,047"
الخدمات الرقمية,عام,القطاع العام,خدمة إلكترونية,2025/10/27,"42,061,219"
الخدمات الرقمية,عام,القطاع العام,خدمة إلكترونية,2025/10/27,"42,069,880"
الخدمات الرقمية,عام,القطاع العام,خدمة إلكترونية,2025/10/28,"42,085,789"
الخدمات الرقمية,عام,القطاع العام,خدمة إلكترونية,2025/10/28,"42,088,719"
الخدمات الرقمية,عام,القطاع العام,خدمة إلكترونية,2025/10/28,"42,089,212"
الخدمات الرقمية,عام,القطاع العام,خدمة إلكترونية,2025/10/29,"42,096,795"
الخدمات الرقمية,عام,القطاع العام,خدمة إلكترونية,2025/10/29,"42,107,554"
الخدمات الرقمية,عام,القطاع العام,خدمة إلكترونية,2025/10/29,"42,109,675"
الخدمات الرقمية,عام,القطاع العام,خدمة إلكترونية,2025/10/30,"42,111,275"
الخدمات الرقمية,عام,القطاع العام,خدمة إلكترونية,2025/10/30,"42,112,441"
الخدمات الرقمية,عام,القطاع العام,خدمة إلكترونية,2025/10/30,"42,112,463"
الخدمات الرقمية,عام,القطاع العام,خدمة إلكترونية,2025/10/30,"42,112,559"
الخدمات الرقمية,عام,القطاع العام,خدمة إلكترونية,2025/10/30,"42,113,349"
الخدمات الرقمية,عام,القطاع العام,خدمة إلكترونية,2025/10/30,"42,115,695"
الخدمات الرقمية,عام,القطاع العام,خدمة إلكترونية,2025/10/30,"42,115,882"
الخدمات الرقمية,عام,القطاع العام,خدمة إلكترونية,2025/10/30,"42,117,599"
الخدمات الرقمية,عام,القطاع العام,خدمة إلكترونية,2025/10/30,"42,119,390"
الخدمات الرقمية,عام,القطاع العام,خدمة إلكترونية,2025/10/30,"42,120,461"
الخدمات الرقمية,عام,القطاع العام,خدمة إلكترونية,2025/10/30,"42,126,840"
الخدمات الرقمية,عام,القطاع العام,خدمة إلكترونية,2025/10/31,"42,128,499"
الخدمات الرقمية,عام,القطاع العام,خدمة إلكترونية,2025/10/31,"42,130,409"
الخدمات الرقمية,عام,القطاع العام,خدمة إلكترونية,2025/10/31,"42,132,081"
الخدمات الرقمية,عام,القطاع العام,خدمة إلكترونية,2025/11/02,"42,144,942"
الخدمات الرقمية,عام,القطاع العام,خدمة إلكترونية,2025/11/02,"42,145,216"
الخدمات الرقمية,عام,القطاع العام,خدمة إلكترونية,2025/11/02,"42,147,266"
الخدمات الرقمية,عام,القطاع العام,خدمة إلكترونية,2025/11/02,"42,147,343"
الخدمات الرقمية,عام,القطاع العام,خدمة إلكترونية,2025/11/02,"42,149,547"
الخدمات الرقمية,عام,القطاع العام,خدمة إلكترونية,2025/11/02,"42,150,854"
الخدمات الرقمية,عام,القطاع العام,خدمة إلكترونية,2025/11/02,"42,159,404"
الخدمات الرقمية,عام,القطاع العام,خدمة إلكترونية,2025/11/02,"42,161,807"
الخدمات الرقمية,عام,القطاع العام,خدمة إلكترونية,2025/11/02,"42,163,262"
الخدمات الرقمية,عام,القطاع العام,خدمة إلكترونية,2025/11/03,"42,173,812"
الخدمات الرقمية,عام,القطاع العام,خدمة إلكترونية,2025/11/03,"42,174,700"
الخدمات الرقمية,عام,القطاع العام,خدمة إلكترونية,2025/11/03,"42,178,497"
الخدمات الرقمية,عام,القطاع العام,خدمة إلكترونية,2025/11/03,"42,178,579"
الخدمات الرقمية,عام,القطاع العام,خدمة إلكترونية,2025/11/03,"42,184,429"
الخدمات الرقمية,عام,القطاع العام,خدمة إلكترونية,2025/11/03,"42,185,693"
الخدمات الرقمية,عام,القطاع العام,خدمة إلكترونية,2025/11/03,"42,186,271"
الخدمات الرقمية,عام,القطاع العام,خدمة إلكترونية,2025/11/04,"42,193,522"
منطقة الرياض,الرياض,القطاع الخاص,خدمة إلكترونية جزئيا,2025/11/04,"42,194,764"
الخدمات الرقمية,كتابة عدل مدمجة - افتراضية,القطاع العام,خدمة إلكترونية جزئيا,2025/11/04,"42,194,853"
الخدمات الرقمية,عام,القطاع العام,خدمة إلكترونية,2025/11/04,"42,196,902"
الخدمات الرقمية,عام,القطاع العام,خدمة إلكترونية,2025/11/04,"42,198,051"
الخدمات الرقمية,عام,القطاع العام,خدمة إلكترونية,2025/11/04,"42,198,680"
الخدمات الرقمية,عام,القطاع العام,خدمة إلكترونية,2025/11/04,"42,198,678"
الخدمات الرقمية,عام,القطاع العام,خدمة إلكترونية,2025/11/04,"42,198,840"
الخدمات الرقمية,عام,القطاع العام,خدمة إلكترونية,2025/11/04,"42,200,459"
الخدمات الرقمية,عام,القطاع العام,خدمة إلكترونية,2025/11/04,"42,204,936"
الخدمات الرقمية,عام,القطاع العام,خدمة إلكترونية,2025/11/04,"42,210,139"
الخدمات الرقمية,عام,القطاع العام,خدمة إلكترونية,2025/11/04,"42,211,598"
الخدمات الرقمية,عام,القطاع العام,خدمة إلكترونية,2025/11/04,"42,211,599"
منطقة الرياض,الرياض,القطاع الخاص,خدمة إلكترونية جزئيا,2025/11/04,"42,194,071"
الخدمات الرقمية,عام,القطاع العام,خدمة إلكترونية,2025/11/05,"42,212,324"
الخدمات الرقمية,عام,القطاع العام,خدمة إلكترونية,2025/11/05,"42,212,341"
الخدمات الرقمية,عام,القطاع العام,خدمة إلكترونية,2025/11/05,"42,217,328"
الخدمات الرقمية,عام,القطاع العام,خدمة إلكترونية,2025/11/05,"42,218,123"
الخدمات الرقمية,عام,القطاع العام,خدمة إلكترونية,2025/11/05,"42,222,648"
الخدمات الرقمية,عام,القطاع العام,خدمة إلكترونية,2025/11/05,"42,223,980"
الخدمات الرقمية,عام,القطاع العام,خدمة إلكترونية,2025/11/05,"42,231,599"
الخدمات الرقمية,عام,القطاع العام,خدمة إلكترونية,2025/11/05,"42,232,302"
الخدمات الرقمية,عام,القطاع العام,خدمة إلكترونية,2025/11/05,"42,232,459"
الخدمات الرقمية,عام,القطاع العام,خدمة إلكترونية,2025/11/06,"42,234,298"
الخدمات الرقمية,عام,القطاع العام,خدمة إلكترونية,2025/11/06,"42,237,401"
الخدمات الرقمية,عام,القطاع العام,خدمة إلكترونية,2025/11/06,"42,237,716"
الخدمات الرقمية,عام,القطاع العام,خدمة إلكترونية,2025/11/06,"42,241,386"
الخدمات الرقمية,عام,القطاع العام,خدمة إلكترونية,2025/11/07,"42,253,191"
الخدمات الرقمية,عام,القطاع العام,خدمة إلكترونية,2025/11/07,"42,253,318"
الخدمات الرقمية,عام,القطاع العام,خدمة إلكترونية,2025/11/07,"42,253,440"
الخدمات الرقمية,عام,القطاع العام,خدمة إلكترونية,2025/11/07,"42,253,495"
الخدمات الرقمية,عام,القطاع العام,خدمة إلكترونية,2025/11/07,"42,253,557"
الخدمات الرقمية,عام,القطاع العام,خدمة إلكترونية,2025/11/08,"42,256,268"
الخدمات الرقمية,عام,القطاع العام,خدمة إلكترونية,2025/11/08,"42,261,587"
الخدمات الرقمية,عام,القطاع العام,خدمة إلكترونية,2025/11/08,"42,261,927"
الخدمات الرقمية,عام,القطاع العام,خدمة إلكترونية,2025/11/09,"42,272,517"
الخدمات الرقمية,عام,القطاع العام,خدمة إلكترونية,2025/11/09,"42,275,098"
الخدمات الرقمية,عام,القطاع العام,خدمة إلكترونية,2025/11/09,"42,283,235"
الخدمات الرقمية,عام,القطاع العام,خدمة إلكترونية,2025/11/09,"42,283,237"
الخدمات الرقمية,عام,القطاع العام,خدمة إلكترونية,2025/11/09,"42,285,706"
الخدمات الرقمية,عام,القطاع العام,خدمة إلكترونية,2025/11/09,"42,287,185"
الخدمات الرقمية,عام,القطاع العام,خدمة إلكترونية,2025/11/10,"42,289,209"
الخدمات الرقمية,عام,القطاع العام,خدمة إلكترونية,2025/11/10,"42,296,800"
الخدمات الرقمية,عام,القطاع العام,خدمة إلكترونية,2025/11/10,"42,297,309"
الخدمات الرقمية,عام,القطاع العام,خدمة إلكترونية,2025/11/10,"42,297,703"
الخدمات الرقمية,عام,القطاع العام,خدمة إلكترونية,2025/11/10,"42,306,834"
الخدمات الرقمية,عام,القطاع العام,خدمة إلكترونية,2025/11/10,"42,307,285"
الخدمات الرقمية,عام,القطاع العام,خدمة إلكترونية,2025/11/11,"42,317,688"
الخدمات الرقمية,عام,القطاع العام,خدمة إلكترونية,2025/11/11,"42,321,635"
الخدمات الرقمية,عام,القطاع العام,خدمة إلكترونية,2025/11/11,"42,323,073"
الخدمات الرقمية,عام,القطاع العام,خدمة إلكترونية,2025/11/11,"42,325,242"
الخدمات الرقمية,عام,القطاع العام,خدمة إلكترونية,2025/11/11,"42,327,188"
الخدمات الرقمية,عام,القطاع العام,خدمة إلكترونية,2025/11/11,"42,327,503"
الخدمات الرقمية,عام,القطاع العام,خدمة إلكترونية,2025/11/11,"42,330,538"
الخدمات الرقمية,عام,القطاع العام,خدمة إلكترونية,2025/11/12,"42,334,592"
الخدمات الرقمية,عام,القطاع العام,خدمة إلكترونية,2025/11/12,"42,349,393"
الخدمات الرقمية,عام,القطاع العام,خدمة إلكترونية,2025/11/12,"42,349,627"
الخدمات الرقمية,عام,القطاع العام,خدمة إلكترونية,2025/11/12,"42,350,080"
الخدمات الرقمية,عام,القطاع العام,خدمة إلكترونية,2025/11/13,"42,356,352"
الخدمات الرقمية,عام,القطاع العام,خدمة إلكترونية,2025/11/13,"42,358,211"
الخدمات الرقمية,كتابة عدل مدمجة - افتراضية,القطاع العام,خدمة إلكترونية جزئيا,2025/11/13,"42,359,756"
الخدمات الرقمية,عام,القطاع العام,خدمة إلكترونية,2025/11/13,"42,366,591"
الخدمات الرقمية,عام,القطاع العام,خدمة إلكترونية,2025/11/13,"42,370,224"
الخدمات الرقمية,عام,القطاع العام,خدمة إلكترونية,2025/11/14,"42,371,926"
الخدمات الرقمية,عام,القطاع العام,خدمة إلكترونية,2025/11/14,"42,375,633"
الخدمات الرقمية,عام,القطاع العام,خدمة إلكترونية,2025/11/15,"42,376,482"
الخدمات الرقمية,عام,القطاع العام,خدمة إلكترونية,2025/11/16,"42,396,828"
الخدمات الرقمية,عام,القطاع العام,خدمة إلكترونية,2025/11/16,"42,401,208"
الخدمات الرقمية,عام,القطاع العام,خدمة إلكترونية,2025/11/16,"42,401,662"
الخدمات الرقمية,عام,القطاع العام,خدمة إلكترونية,2025/11/16,"42,401,665"
الخدمات الرقمية,عام,القطاع العام,خدمة إلكترونية,2025/11/16,"42,406,532"
الخدمات الرقمية,عام,القطاع العام,خدمة إلكترونية,2025/11/16,"42,409,116"
الخدمات الرقمية,عام,القطاع العام,خدمة إلكترونية,2025/11/16,"42,409,613"
الخدمات الرقمية,عام,القطاع العام,خدمة إلكترونية,2025/11/16,"42,410,325"
الخدمات الرقمية,عام,القطاع العام,خدمة إلكترونية,2025/11/17,"42,417,532"
الخدمات الرقمية,عام,القطاع العام,خدمة إلكترونية,2025/11/17,"42,418,048"
الخدمات الرقمية,عام,القطاع العام,خدمة إلكترونية,2025/11/17,"42,418,585"
الخدمات الرقمية,عام,القطاع العام,خدمة إلكترونية,2025/11/17,"42,421,881"
الخدمات الرقمية,عام,القطاع العام,خدمة إلكترونية,2025/11/17,"42,426,982"
الخدمات الرقمية,عام,القطاع العام,خدمة إلكترونية,2025/11/17,"42,431,914"
الخدمات الرقمية,عام,القطاع العام,خدمة إلكترونية,2025/11/17,"42,432,835"
الخدمات الرقمية,عام,القطاع العام,خدمة إلكترونية,2025/11/17,"42,434,536"
الخدمات الرقمية,عام,القطاع العام,خدمة إلكترونية,2025/11/18,"42,437,471"
الخدمات الرقمية,عام,القطاع العام,خدمة إلكترونية,2025/11/18,"42,436,767"
الخدمات الرقمية,عام,القطاع العام,خدمة إلكترونية,2025/11/18,"42,437,472"
الخدمات الرقمية,عام,القطاع العام,خدمة إلكترونية,2025/11/18,"42,439,447"
الخدمات الرقمية,عام,القطاع العام,خدمة إلكترونية,2025/11/18,"42,446,430"
الخدمات الرقمية,عام,القطاع العام,خدمة إلكترونية,2025/11/18,"42,447,393"
الخدمات الرقمية,عام,القطاع العام,خدمة إلكترونية,2025/11/18,"42,448,141"
الخدمات الرقمية,عام,القطاع العام,خدمة إلكترونية,2025/11/18,"42,456,452"
الخدمات الرقمية,عام,القطاع العام,خدمة إلكترونية,2025/11/19,"42,458,540"
الخدمات الرقمية,عام,القطاع العام,خدمة إلكترونية,2025/11/19,"42,465,344"
الخدمات الرقمية,عام,القطاع العام,خدمة إلكترونية,2025/11/19,"42,465,345"
الخدمات الرقمية,عام,القطاع العام,خدمة إلكترونية,2025/11/19,"42,466,994"
الخدمات الرقمية,عام,القطاع العام,خدمة إلكترونية,2025/11/19,"42,470,207"
الخدمات الرقمية,عام,القطاع العام,خدمة إلكترونية,2025/11/19,"42,470,797"
الخدمات الرقمية,عام,القطاع العام,خدمة إلكترونية,2025/11/19,"42,470,917"
الخدمات الرقمية,عام,القطاع العام,خدمة إلكترونية,2025/11/19,"42,475,916"
الخدمات الرقمية,عام,القطاع العام,خدمة إلكترونية,2025/11/19,"42,477,495"
الخدمات الرقمية,عام,القطاع العام,خدمة إلكترونية,2025/11/20,"42,482,867"
الخدمات الرقمية,عام,القطاع العام,خدمة إلكترونية,2025/11/20,"42,486,244"
الخدمات الرقمية,عام,القطاع العام,خدمة إلكترونية,2025/11/20,"42,490,112"
الخدمات الرقمية,عام,القطاع العام,خدمة إلكترونية,2025/11/20,"42,490,332"
الخدمات الرقمية,عام,القطاع العام,خدمة إلكترونية,2025/11/21,"42,496,994"
الخدمات الرقمية,عام,القطاع العام,خدمة إلكترونية,2025/11/21,"42,497,511"
الخدمات الرقمية,عام,القطاع العام,خدمة إلكترونية,2025/11/21,"42,497,522"
الخدمات الرقمية,عام,القطاع العام,خدمة إلكترونية,2025/11/22,"42,503,772"
الخدمات الرقمية,عام,القطاع العام,خدمة إلكترونية,2025/11/22,"42,504,330"
الخدمات الرقمية,عام,القطاع العام,خدمة إلكترونية,2025/11/22,"42,505,285"
الخدمات الرقمية,عام,القطاع العام,خدمة إلكترونية,2025/11/22,"42,505,761"
الخدمات الرقمية,عام,القطاع العام,خدمة إلكترونية,2025/11/22,"42,506,706"
الخدمات الرقمية,عام,القطاع العام,خدمة إلكترونية,2025/11/23,"42,511,624"
الخدمات الرقمية,عام,القطاع العام,خدمة إلكترونية,2025/11/23,"42,513,824"
الخدمات الرقمية,عام,القطاع العام,خدمة إلكترونية,2025/11/23,"42,521,611"
الخدمات الرقمية,عام,القطاع العام,خدمة إلكترونية,2025/11/23,"42,522,190"
الخدمات الرقمية,عام,القطاع العام,خدمة إلكترونية,2025/11/23,"42,526,526"
الخدمات الرقمية,عام,القطاع العام,خدمة إلكترونية,2025/11/23,"42,527,661"
الخدمات الرقمية,عام,القطاع العام,خدمة إلكترونية,2025/11/24,"42,533,316"
الخدمات الرقمية,عام,القطاع العام,خدمة إلكترونية,2025/11/24,"42,534,298"
الخدمات الرقمية,عام,القطاع العام,خدمة إلكترونية,2025/11/24,"42,534,613"
الخدمات الرقمية,عام,القطاع العام,خدمة إلكترونية,2025/11/24,"42,536,566"
الخدمات الرقمية,عام,القطاع العام,خدمة إلكترونية,2025/11/24,"42,540,567"
الخدمات الرقمية,عام,القطاع العام,خدمة إلكترونية,2025/11/24,"42,541,755"
الخدمات الرقمية,عام,القطاع العام,خدمة إلكترونية,2025/11/25,"42,552,820"
الخدمات الرقمية,عام,القطاع العام,خدمة إلكترونية,2025/11/25,"42,553,621"
الخدمات الرقمية,عام,القطاع العام,خدمة إلكترونية,2025/11/25,"42,555,424"
الخدمات الرقمية,عام,القطاع العام,خدمة إلكترونية,2025/11/25,"42,556,963"
الخدمات الرقمية,عام,القطاع العام,خدمة إلكترونية,2025/11/25,"42,559,347"
الخدمات الرقمية,عام,القطاع العام,خدمة إلكترونية,2025/11/26,"42,570,008"
الخدمات الرقمية,عام,القطاع العام,خدمة إلكترونية,2025/11/26,"42,571,426"
الخدمات الرقمية,عام,القطاع العام,خدمة إلكترونية,2025/11/26,"42,572,849"
الخدمات الرقمية,عام,القطاع العام,خدمة إلكترونية,2025/11/26,"42,576,577"
الخدمات الرقمية,عام,القطاع العام,خدمة إلكترونية,2025/11/26,"42,578,135"
الخدمات الرقمية,عام,القطاع العام,خدمة إلكترونية,2025/11/26,"42,578,787"
الخدمات الرقمية,عام,القطاع العام,خدمة إلكترونية,2025/11/26,"42,583,229"
الخدمات الرقمية,عام,القطاع العام,خدمة إلكترونية,2025/11/26,"42,583,548"
الخدمات الرقمية,عام,القطاع العام,خدمة إلكترونية,2025/11/26,"42,583,558"
الخدمات الرقمية,عام,القطاع العام,خدمة إلكترونية,2025/11/26,"42,584,314"
الخدمات الرقمية,عام,القطاع العام,خدمة إلكترونية,2025/11/27,"42,587,724"
الخدمات الرقمية,عام,القطاع العام,خدمة إلكترونية,2025/11/27,"42,589,007"
الخدمات الرقمية,عام,القطاع العام,خدمة إلكترونية,2025/11/27,"42,592,843"
الخدمات الرقمية,عام,القطاع العام,خدمة إلكترونية,2025/11/27,"42,593,652"
الخدمات الرقمية,عام,القطاع العام,خدمة إلكترونية,2025/11/27,"42,594,490"
الخدمات الرقمية,عام,القطاع العام,خدمة إلكترونية,2025/11/27,"42,594,492"
الخدمات الرقمية,عام,القطاع العام,خدمة إلكترونية,2025/11/27,"42,595,123"
الخدمات الرقمية,عام,القطاع العام,خدمة إلكترونية,2025/11/28,"42,604,510"
الخدمات الرقمية,عام,القطاع العام,خدمة إلكترونية,2025/11/28,"42,606,955"
الخدمات الرقمية,عام,القطاع العام,خدمة إلكترونية,2025/11/29,"42,613,261"
الخدمات الرقمية,عام,القطاع العام,خدمة إلكترونية,2025/11/29,"42,613,437"
الخدمات الرقمية,عام,القطاع العام,خدمة إلكترونية,2025/11/29,"42,613,961"
الخدمات الرقمية,عام,القطاع العام,خدمة إلكترونية,2025/11/29,"42,615,881"
الخدمات الرقمية,عام,القطاع العام,خدمة إلكترونية,2025/11/29,"42,617,233"
الخدمات الرقمية,عام,القطاع العام,خدمة إلكترونية,2025/11/29,"42,617,234"
الخدمات الرقمية,عام,القطاع العام,خدمة إلكترونية,2025/11/30,"42,621,582"
الخدمات الرقمية,عام,القطاع العام,خدمة إلكترونية,2025/11/30,"42,623,703"
الخدمات الرقمية,عام,القطاع العام,خدمة إلكترونية,2025/11/30,"42,626,500"
الخدمات الرقمية,عام,القطاع العام,خدمة إلكترونية,2025/11/30,"42,627,039"
الخدمات الرقمية,عام,القطاع العام,خدمة إلكترونية,2025/11/30,"42,627,042"
الخدمات الرقمية,عام,القطاع العام,خدمة إلكترونية,2025/11/30,"42,627,863"
الخدمات الرقمية,عام,القطاع العام,خدمة إلكترونية,2025/11/30,"42,628,884"
الخدمات الرقمية,عام,القطاع العام,خدمة إلكترونية,2025/11/30,"42,633,199"
الخدمات الرقمية,كتابة عدل مدمجة - افتراضية,القطاع العام,خدمة إلكترونية جزئيا,2025/11/30,"42,633,466"
الخدمات الرقمية,عام,القطاع العام,خدمة إلكترونية,2025/11/30,"42,634,148"
الخدمات الرقمية,عام,القطاع العام,خدمة إلكترونية,2025/11/30,"42,635,527"
الخدمات الرقمية,عام,القطاع العام,خدمة إلكترونية,2025/11/30,"42,636,278"
الخدمات الرقمية,عام,القطاع العام,خدمة إلكترونية,2025/11/30,"42,636,351"
الخدمات الرقمية,عام,القطاع العام,خدمة إلكترونية,2025/11/30,"42,637,795"
الخدمات الرقمية,عام,القطاع العام,خدمة إلكترونية,2025/11/30,"42,637,796"
الخدمات الرقمية,عام,القطاع العام,خدمة إلكترونية,2025/11/30,"42,637,997"
الخدمات الرقمية,عام,القطاع العام,خدمة إلكترونية,2025/11/30,"42,641,370"
الخدمات الرقمية,عام,القطاع العام,خدمة إلكترونية,2025/12/01,"42,645,735"
الخدمات الرقمية,عام,القطاع العام,خدمة إلكترونية,2025/12/01,"42,647,376"
الخدمات الرقمية,عام,القطاع العام,خدمة إلكترونية,2025/12/01,"42,647,781"
منطقة الرياض,الرياض,القطاع الخاص,خدمة إلكترونية جزئيا,2025/12/01,"42,654,710"
الخدمات الرقمية,عام,القطاع العام,خدمة إلكترونية,2025/12/01,"42,660,307"
الخدمات الرقمية,عام,القطاع العام,خدمة إلكترونية,2025/12/01,"42,661,287"
الخدمات الرقمية,عام,القطاع العام,خدمة إلكترونية,2025/12/01,"42,662,275"
الخدمات الرقمية,عام,القطاع العام,خدمة إلكترونية,2025/12/01,"42,662,465"
الخدمات الرقمية,عام,القطاع العام,خدمة إلكترونية,2025/12/01,"42,662,470"
الخدمات الرقمية,عام,القطاع العام,خدمة إلكترونية,2025/12/01,"42,662,642"
الخدمات الرقمية,عام,القطاع العام,خدمة إلكترونية,2025/12/01,"42,662,855"
منطقة الرياض,الرياض,القطاع الخاص,خدمة إلكترونية جزئيا,2025/12/01,"42,654,632"
الخدمات الرقمية,عام,القطاع العام,خدمة إلكترونية,2025/12/02,"42,677,009"
الخدمات الرقمية,عام,القطاع العام,خدمة إلكترونية,2025/12/02,"42,665,010"
الخدمات الرقمية,عام,القطاع العام,خدمة إلكترونية,2025/12/02,"42,671,381"
الخدمات الرقمية,عام,القطاع العام,خدمة إلكترونية,2025/12/02,"42,675,536"
الخدمات الرقمية,عام,القطاع العام,خدمة إلكترونية,2025/12/02,"42,675,860"
الخدمات الرقمية,عام,القطاع العام,خدمة إلكترونية,2025/12/02,"42,676,435"
الخدمات الرقمية,عام,القطاع العام,خدمة إلكترونية,2025/12/02,"42,676,475"
الخدمات الرقمية,عام,القطاع العام,خدمة إلكترونية,2025/12/02,"42,677,463"
الخدمات الرقمية,عام,القطاع العام,خدمة إلكترونية,2025/12/02,"42,681,091"
الخدمات الرقمية,عام,القطاع العام,خدمة إلكترونية,2025/12/02,"42,682,106"
منطقة الرياض,الخرج,القطاع الخاص,خدمة إلكترونية جزئيا,2025/12/02,"42,681,015"
الخدمات الرقمية,عام,القطاع العام,خدمة إلكترونية,2025/12/03,"42,686,892"
الخدمات الرقمية,عام,القطاع العام,خدمة إلكترونية,2025/12/03,"42,688,225"
الخدمات الرقمية,كتابة عدل مدمجة - افتراضية,القطاع العام,خدمة إلكترونية جزئيا,2025/12/03,"42,691,927"
الخدمات الرقمية,عام,القطاع العام,خدمة إلكترونية,2025/12/03,"42,695,161"
الخدمات الرقمية,عام,القطاع العام,خدمة إلكترونية,2025/12/03,"42,701,343"
الخدمات الرقمية,عام,القطاع العام,خدمة إلكترونية,2025/12/03,"42,703,345"
الخدمات الرقمية,عام,القطاع العام,خدمة إلكترونية,2025/12/03,"42,703,501"
الخدمات الرقمية,عام,القطاع العام,خدمة إلكترونية,2025/12/04,"42,708,350"
الخدمات الرقمية,عام,القطاع العام,خدمة إلكترونية,2025/12/04,"42,709,021"
الخدمات الرقمية,عام,القطاع العام,خدمة إلكترونية,2025/12/04,"42,709,100"
الخدمات الرقمية,عام,القطاع العام,خدمة إلكترونية,2025/12/04,"42,709,849"
الخدمات الرقمية,عام,القطاع العام,خدمة إلكترونية,2025/12/04,"42,710,676"
الخدمات الرقمية,عام,القطاع العام,خدمة إلكترونية,2025/12/04,"42,710,973"
الخدمات الرقمية,عام,القطاع العام,خدمة إلكترونية,2025/12/04,"42,711,868"
الخدمات الرقمية,عام,القطاع العام,خدمة إلكترونية,2025/12/04,"42,713,689"
الخدمات الرقمية,عام,القطاع العام,خدمة إلكترونية,2025/12/04,"42,714,978"
الخدمات الرقمية,عام,القطاع العام,خدمة إلكترونية,2025/12/04,"42,715,167"
الخدمات الرقمية,عام,القطاع العام,خدمة إلكترونية,2025/12/04,"42,720,146"
الخدمات الرقمية,عام,القطاع العام,خدمة إلكترونية,2025/12/06,"42,732,749"
الخدمات الرقمية,عام,القطاع العام,خدمة إلكترونية,2025/12/06,"42,734,373"
الخدمات الرقمية,عام,القطاع العام,خدمة إلكترونية,2025/12/06,"42,736,428"
الخدمات الرقمية,عام,القطاع العام,خدمة إلكترونية,2025/12/06,"42,736,454"
الخدمات الرقمية,عام,القطاع العام,خدمة إلكترونية,2025/12/07,"42,737,808"
منطقة مكة المكرمه,جده,القطاع العام,خدمة إلكترونية جزئيا,2025/12/07,"42,739,642"
الخدمات الرقمية,عام,القطاع العام,خدمة إلكترونية,2025/12/07,"42,746,155"
الخدمات الرقمية,عام,القطاع العام,خدمة إلكترونية,2025/12/07,"42,751,961"
الخدمات الرقمية,عام,القطاع العام,خدمة إلكترونية,2025/12/07,"42,752,782"
الخدمات الرقمية,عام,القطاع العام,خدمة إلكترونية,2025/12/07,"42,752,878"
الخدمات الرقمية,عام,القطاع العام,خدمة إلكترونية,2025/12/07,"42,753,081"
الخدمات الرقمية,عام,القطاع العام,خدمة إلكترونية,2025/12/07,"42,753,238"
الخدمات الرقمية,عام,القطاع العام,خدمة إلكترونية,2025/12/07,"42,755,726"
الخدمات الرقمية,عام,القطاع العام,خدمة إلكترونية,2025/12/07,"42,756,184"
الخدمات الرقمية,عام,القطاع العام,خدمة إلكترونية,2025/12/07,"42,757,262"
الخدمات الرقمية,عام,القطاع العام,خدمة إلكترونية,2025/12/07,"42,757,527"
الخدمات الرقمية,عام,القطاع العام,خدمة إلكترونية,2025/12/07,"42,758,569"
الخدمات الرقمية,عام,القطاع العام,خدمة إلكترونية,2025/12/08,"42,761,707"
الخدمات الرقمية,عام,القطاع العام,خدمة إلكترونية,2025/12/08,"42,762,309"
الخدمات الرقمية,عام,القطاع العام,خدمة إلكترونية,2025/12/08,"42,762,536"
الخدمات الرقمية,عام,القطاع العام,خدمة إلكترونية,2025/12/08,"42,763,858"
الخدمات الرقمية,عام,القطاع العام,خدمة إلكترونية,2025/12/08,"42,773,223"
الخدمات الرقمية,عام,القطاع العام,خدمة إلكترونية,2025/12/08,"42,774,458"
الخدمات الرقمية,عام,القطاع العام,خدمة إلكترونية,2025/12/08,"42,776,689"
الخدمات الرقمية,عام,القطاع العام,خدمة إلكترونية,2025/12/08,"42,777,926"
الخدمات الرقمية,عام,القطاع العام,خدمة إلكترونية,2025/12/08,"42,780,840"
منطقة الرياض,الرياض,القطاع العام,خدمة إلكترونية جزئيا,2025/12/09,"42,782,945"
الخدمات الرقمية,عام,القطاع العام,خدمة إلكترونية,2025/12/09,"42,783,959"
الخدمات الرقمية,عام,القطاع العام,خدمة إلكترونية,2025/12/09,"42,787,157"
الخدمات الرقمية,عام,القطاع العام,خدمة إلكترونية,2025/12/09,"42,788,503"
الخدمات الرقمية,عام,القطاع العام,خدمة إلكترونية,2025/12/09,"42,789,044"
الخدمات الرقمية,عام,القطاع العام,خدمة إلكترونية,2025/12/09,"42,790,518"
الخدمات الرقمية,عام,القطاع العام,خدمة إلكترونية,2025/12/09,"42,791,916"
الخدمات الرقمية,عام,القطاع العام,خدمة إلكترونية,2025/12/09,"42,799,070"
الخدمات الرقمية,عام,القطاع العام,خدمة إلكترونية,2025/12/09,"42,799,332"
الخدمات الرقمية,عام,القطاع العام,خدمة إلكترونية,2025/12/09,"42,799,987"
الخدمات الرقمية,عام,القطاع العام,خدمة إلكترونية,2025/12/09,"42,800,516"
الخدمات الرقمية,عام,القطاع العام,خدمة إلكترونية,2025/12/10,"42,803,231"
الخدمات الرقمية,عام,القطاع العام,خدمة إلكترونية,2025/12/10,"42,806,183"
الخدمات الرقمية,عام,القطاع العام,خدمة إلكترونية,2025/12/10,"42,807,849"
الخدمات الرقمية,عام,القطاع العام,خدمة إلكترونية,2025/12/10,"42,811,372"
الخدمات الرقمية,عام,القطاع العام,خدمة إلكترونية,2025/12/10,"42,813,328"
الخدمات الرقمية,عام,القطاع العام,خدمة إلكترونية,2025/12/10,"42,814,555"
الخدمات الرقمية,عام,القطاع العام,خدمة إلكترونية,2025/12/10,"42,817,824"
الخدمات الرقمية,عام,القطاع العام,خدمة إلكترونية,2025/12/11,"42,833,841"
الخدمات الرقمية,عام,القطاع العام,خدمة إلكترونية,2025/12/11,"42,820,837"
الخدمات الرقمية,عام,القطاع العام,خدمة إلكترونية,2025/12/11,"42,821,666"
الخدمات الرقمية,عام,القطاع العام,خدمة إلكترونية,2025/12/11,"42,821,671"
الخدمات الرقمية,عام,القطاع العام,خدمة إلكترونية,2025/12/11,"42,821,673"
الخدمات الرقمية,عام,القطاع العام,خدمة إلكترونية,2025/12/11,"42,826,563"
الخدمات الرقمية,عام,القطاع العام,خدمة إلكترونية,2025/12/11,"42,831,066"
الخدمات الرقمية,عام,القطاع العام,خدمة إلكترونية,2025/12/11,"42,833,388"
الخدمات الرقمية,عام,القطاع العام,خدمة إلكترونية,2025/12/11,"42,833,840"
الخدمات الرقمية,عام,القطاع العام,خدمة إلكترونية,2025/12/13,"42,840,358"
الخدمات الرقمية,عام,القطاع العام,خدمة إلكترونية,2025/12/13,"42,842,640"
الخدمات الرقمية,عام,القطاع العام,خدمة إلكترونية,2025/12/13,"42,846,381"
الخدمات الرقمية,عام,القطاع العام,خدمة إلكترونية,2025/12/14,"42,851,516"
الخدمات الرقمية,عام,القطاع العام,خدمة إلكترونية,2025/12/14,"42,852,099"
الخدمات الرقمية,عام,القطاع العام,خدمة إلكترونية,2025/12/14,"42,855,579"
الخدمات الرقمية,عام,القطاع العام,خدمة إلكترونية,2025/12/14,"42,856,888"
الخدمات الرقمية,عام,القطاع العام,خدمة إلكترونية,2025/12/15,"42,874,838"
الخدمات الرقمية,عام,القطاع العام,خدمة إلكترونية,2025/12/15,"42,884,218"
الخدمات الرقمية,عام,القطاع العام,خدمة إلكترونية,2025/12/15,"42,885,468"
الخدمات الرقمية,عام,القطاع العام,خدمة إلكترونية,2025/12/16,"42,902,564"
الخدمات الرقمية,عام,القطاع العام,خدمة إلكترونية,2025/12/16,"42,896,316"
الخدمات الرقمية,عام,القطاع العام,خدمة إلكترونية,2025/12/16,"42,896,826"
الخدمات الرقمية,عام,القطاع العام,خدمة إلكترونية,2025/12/16,"42,899,220"
الخدمات الرقمية,عام,القطاع العام,خدمة إلكترونية,2025/12/16,"42,899,399"
الخدمات الرقمية,عام,القطاع العام,خدمة إلكترونية,2025/12/16,"42,901,894"
الخدمات الرقمية,عام,القطاع العام,خدمة إلكترونية,2025/12/16,"42,902,563"
الخدمات الرقمية,عام,القطاع العام,خدمة إلكترونية,2025/12/16,"42,905,020"
الخدمات الرقمية,عام,القطاع العام,خدمة إلكترونية,2025/12/17,"42,914,398"
الخدمات الرقمية,عام,القطاع العام,خدمة إلكترونية,2025/12/17,"42,914,843"
الخدمات الرقمية,عام,القطاع العام,خدمة إلكترونية,2025/12/17,"42,917,114"
منطقة الشرقية,الخبر,القطاع الخاص,خدمة إلكترونية جزئيا,2025/12/17,"42,918,363"
الخدمات الرقمية,عام,القطاع العام,خدمة إلكترونية,2025/12/17,"42,918,554"
الخدمات الرقمية,عام,القطاع العام,خدمة إلكترونية,2025/12/17,"42,918,757"
الخدمات الرقمية,عام,القطاع العام,خدمة إلكترونية,2025/12/18,"42,938,009"
الخدمات الرقمية,عام,القطاع العام,خدمة إلكترونية,2025/12/19,"42,951,316"
الخدمات الرقمية,عام,القطاع العام,خدمة إلكترونية,2025/12/19,"42,951,659"
الخدمات الرقمية,عام,القطاع العام,خدمة إلكترونية,2025/12/20,"42,957,364"
الخدمات الرقمية,عام,القطاع العام,خدمة إلكترونية,2025/12/20,"42,957,650"
الخدمات الرقمية,عام,القطاع العام,خدمة إلكترونية,2025/12/20,"42,963,387"
الخدمات الرقمية,عام,القطاع العام,خدمة إلكترونية,2025/12/21,"42,966,357"
الخدمات الرقمية,عام,القطاع العام,خدمة إلكترونية,2025/12/21,"42,967,242"
الخدمات الرقمية,عام,القطاع العام,خدمة إلكترونية,2025/12/22,"42,993,616"
الخدمات الرقمية,عام,القطاع العام,خدمة إلكترونية,2025/12/22,"42,995,960"
الخدمات الرقمية,عام,القطاع العام,خدمة إلكترونية,2025/12/22,"42,996,849"
الخدمات الرقمية,عام,القطاع العام,خدمة إلكترونية,2025/12/22,"43,005,261"
منطقة الرياض,الدرعيه,القطاع الخاص,خدمة إلكترونية جزئيا,2025/12/22,"43,006,210"
منطقة الرياض,الدرعيه,القطاع الخاص,خدمة إلكترونية جزئيا,2025/12/22,"43,005,973"
منطقة الرياض,الدرعيه,القطاع الخاص,خدمة إلكترونية جزئيا,2025/12/22,"43,005,256"
الخدمات الرقمية,عام,القطاع العام,خدمة إلكترونية,2025/12/23,"43,013,041"
الخدمات الرقمية,عام,القطاع العام,خدمة إلكترونية,2025/12/23,"43,019,662"
الخدمات الرقمية,عام,القطاع العام,خدمة إلكترونية,2025/12/23,"43,021,180"
الخدمات الرقمية,عام,القطاع العام,خدمة إلكترونية,2025/12/23,"43,028,407"
منطقة تبوك,تبوك,القطاع الخاص,خدمة إلكترونية جزئيا,2025/12/23,"43,028,448"
الخدمات الرقمية,عام,القطاع العام,خدمة إلكترونية,2025/12/23,"43,030,552"
منطقة تبوك,تبوك,القطاع الخاص,خدمة إلكترونية جزئيا,2025/12/23,"43,025,550"
منطقة تبوك,تبوك,القطاع الخاص,خدمة إلكترونية جزئيا,2025/12/23,"43,024,953"
منطقة تبوك,تبوك,القطاع الخاص,خدمة إلكترونية جزئيا,2025/12/23,"43,024,919"
الخدمات الرقمية,عام,القطاع العام,خدمة إلكترونية,2025/12/24,"43,032,217"
الخدمات الرقمية,عام,القطاع العام,خدمة إلكترونية,2025/12/24,"43,033,094"
الخدمات الرقمية,عام,القطاع العام,خدمة إلكترونية,2025/12/24,"43,037,217"
الخدمات الرقمية,عام,القطاع العام,خدمة إلكترونية,2025/12/24,"43,040,227"
الخدمات الرقمية,عام,القطاع العام,خدمة إلكترونية,2025/12/24,"43,045,512"
الخدمات الرقمية,عام,القطاع العام,خدمة إلكترونية,2025/12/25,"43,053,748"
الخدمات الرقمية,عام,القطاع العام,خدمة إلكترونية,2025/12/25,"43,053,799"
الخدمات الرقمية,عام,القطاع العام,خدمة إلكترونية,2025/12/25,"43,063,896"
الخدمات الرقمية,عام,القطاع العام,خدمة إلكترونية,2025/12/25,"43,067,446"
منطقة مكة المكرمه,جده,القطاع الخاص,خدمة إلكترونية جزئيا,2025/12/25,"43,058,208"
الخدمات الرقمية,عام,القطاع العام,خدمة إلكترونية,2025/12/26,"43,070,992"
الخدمات الرقمية,عام,القطاع العام,خدمة إلكترونية,2025/12/27,"43,081,807"
الخدمات الرقمية,عام,القطاع العام,خدمة إلكترونية,2025/12/27,"43,083,355"
الخدمات الرقمية,عام,القطاع العام,خدمة إلكترونية,2025/12/27,"43,084,219"
الخدمات الرقمية,عام,القطاع العام,خدمة إلكترونية,2025/12/27,"43,084,322"
الخدمات الرقمية,عام,القطاع العام,خدمة إلكترونية,2025/12/27,"43,085,589"
الخدمات الرقمية,عام,القطاع العام,خدمة إلكترونية,2025/12/27,"43,086,256"
الخدمات الرقمية,عام,القطاع العام,خدمة إلكترونية,2025/12/27,"43,086,326"
الخدمات الرقمية,عام,القطاع العام,خدمة إلكترونية,2025/12/28,"43,089,206"
الخدمات الرقمية,عام,القطاع العام,خدمة إلكترونية,2025/12/28,"43,093,554"
الخدمات الرقمية,عام,القطاع العام,خدمة إلكترونية,2025/12/28,"43,097,029"
الخدمات الرقمية,عام,القطاع العام,خدمة إلكترونية,2025/12/28,"43,097,830"
الخدمات الرقمية,عام,القطاع العام,خدمة إلكترونية,2025/12/28,"43,103,177"
الخدمات الرقمية,عام,القطاع العام,خدمة إلكترونية,2025/12/28,"43,104,128"
الخدمات الرقمية,عام,القطاع العام,خدمة إلكترونية,2025/12/29,"43,109,633"
الخدمات الرقمية,عام,القطاع العام,خدمة إلكترونية,2025/12/29,"43,114,109"
الخدمات الرقمية,عام,القطاع العام,خدمة إلكترونية,2025/12/29,"43,116,140"
الخدمات الرقمية,عام,القطاع العام,خدمة إلكترونية,2025/12/29,"43,116,557"
الخدمات الرقمية,عام,القطاع العام,خدمة إلكترونية,2025/12/29,"43,120,550"
الخدمات الرقمية,عام,القطاع العام,خدمة إلكترونية,2025/12/29,"43,129,964"
الخدمات الرقمية,عام,القطاع العام,خدمة إلكترونية,2025/12/30,"43,137,965"
الخدمات الرقمية,عام,القطاع العام,خدمة إلكترونية,2025/12/30,"43,138,749"
الخدمات الرقمية,عام,القطاع العام,خدمة إلكترونية,2025/12/30,"43,141,588"
الخدمات الرقمية,عام,القطاع العام,خدمة إلكترونية,2025/12/30,"43,142,515"
الخدمات الرقمية,عام,القطاع العام,خدمة إلكترونية,2025/12/30,"43,150,925"
الخدمات الرقمية,عام,القطاع العام,خدمة إلكترونية,2025/12/30,"43,153,745"
الخدمات الرقمية,عام,القطاع العام,خدمة إلكترونية,2025/12/31,"43,155,583"
الخدمات الرقمية,عام,القطاع العام,خدمة إلكترونية,2025/12/31,"43,155,851"
الخدمات الرقمية,عام,القطاع العام,خدمة إلكترونية,2025/12/31,"43,158,174"
الخدمات الرقمية,عام,القطاع العام,خدمة إلكترونية,2025/12/31,"43,166,828"
الخدمات الرقمية,عام,القطاع العام,خدمة إلكترونية,2025/12/31,"43,166,830"
الخدمات الرقمية,عام,القطاع العام,خدمة إلكترونية,2025/12/31,"43,167,882"
الخدمات الرقمية,عام,القطاع العام,خدمة إلكترونية,2025/12/31,"43,168,026"
الخدمات الرقمية,عام,القطاع العام,خدمة إلكترونية,2025/12/31,"43,173,693"
الخدمات الرقمية,عام,القطاع العام,خدمة إلكترونية,2025/12/31,"43,173,698"
,,,,,
