المنطقة,المدينة,نوع القطاع,نوع الخدمة,التاريخ ميلادي,الرقم المرجعي
الخدمات الرقمية,عام,القطاع العام,خدمة إلكترونية جزئيا,2025/07/01,"30,419,923"
الخدمات الرقمية,عام,القطاع العام,خدمة إلكترونية جزئيا,2025/07/01,"30,412,074"
الخدمات الرقمية,عام,القطاع العام,خدمة إلكترونية جزئيا,2025/07/01,"30,422,619"
الخدمات الرقمية,عام,القطاع العام,خدمة إلكترونية جزئيا,2025/07/02,"30,441,529"
الخدمات الرقمية,عام,القطاع العام,خدمة إلكترونية جزئيا,2025/07/02,"30,459,041"
الخدمات الرقمية,عام,القطاع العام,خدمة إلكترونية جزئيا,2025/07/02,"30,458,759"
الخدمات الرقمية,عام,القطاع العام,خدمة إلكترونية جزئيا,2025/07/02,"30,458,842"
الخدمات الرقمية,عام,القطاع العام,خدمة إلكترونية جزئيا,2025/07/02,"30,438,469"
الخدمات الرقمية,عام,القطاع العام,خدمة إلكترونية جزئيا,2025/07/02,"30,433,963"
الخدمات الرقمية,عام,القطاع العام,خدمة إلكترونية جزئيا,2025/07/02,"30,450,450"
الخدمات الرقمية,عام,القطاع العام,خدمة إلكترونية جزئيا,2025/07/02,"30,450,391"
الخدمات الرقمية,عام,القطاع العام,خدمة إلكترونية جزئيا,2025/07/03,"30,471,885"
الخدمات الرقمية,عام,القطاع العام,خدمة إلكترونية جزئيا,2025/07/03,"30,472,503"
الخدمات الرقمية,عام,القطاع العام,خدمة إلكترونية جزئيا,2025/07/03,"30,468,789"
الخدمات الرقمية,عام,القطاع العام,خدمة إلكترونية جزئيا,2025/07/03,"30,468,360"
الخدمات الرقمية,عام,القطاع العام,خدمة إلكترونية جزئيا,2025/07/03,"30,463,196"
الخدمات الرقمية,عام,القطاع العام,خدمة إلكترونية جزئيا,2025/07/03,"30,470,440"
الخدمات الرقمية,عام,القطاع العام,خدمة إلكترونية جزئيا,2025/07/03,"30,460,046"
الخدمات الرقمية,عام,القطاع العام,خدمة إلكترونية جزئيا,2025/07/03,"30,470,202"
الخدمات الرقمية,عام,القطاع العام,خدمة إلكترونية جزئيا,2025/07/03,"30,469,679"
 الشرقية,الجبيل,القطاع العام,خدمة إلكترونية جزئيا,2025/07/06,"30,531,120"
 الشرقية,الجبيل,القطاع العام,خدمة إلكترونية جزئيا,2025/07/06,"30,535,783"
الخدمات الرقمية,عام,القطاع العام,خدمة إلكترونية جزئيا,2025/07/06,"30,531,662"
الخدمات الرقمية,عام,القطاع العام,خدمة إلكترونية جزئيا,2025/07/06,"30,531,925"
الخدمات الرقمية,عام,القطاع العام,خدمة إلكترونية جزئيا,2025/07/06,"30,541,786"
الخدمات الرقمية,عام,القطاع العام,خدمة إلكترونية جزئيا,2025/07/06,"30,536,310"
الخدمات الرقمية,عام,القطاع العام,خدمة إلكترونية جزئيا,2025/07/07,"30,565,351"
الخدمات الرقمية,عام,القطاع العام,خدمة إلكترونية جزئيا,2025/07/07,"30,560,806"
الخدمات الرقمية,عام,القطاع العام,خدمة إلكترونية جزئيا,2025/07/07,"30,568,609"
الخدمات الرقمية,عام,القطاع العام,خدمة إلكترونية جزئيا,2025/07/07,"30,551,621"
الخدمات الرقمية,عام,القطاع العام,خدمة إلكترونية جزئيا,2025/07/07,"30,555,420"
الخدمات الرقمية,عام,القطاع العام,خدمة إلكترونية جزئيا,2025/07/08,"30,600,566"
الخدمات الرقمية,عام,القطاع العام,خدمة إلكترونية جزئيا,2025/07/08,"30,600,662"
 الشرقية,الجبيل,القطاع العام,خدمة إلكترونية جزئيا,2025/07/08,"30,604,526"
الخدمات الرقمية,عام,القطاع العام,خدمة إلكترونية جزئيا,2025/07/08,"30,591,280"
الخدمات الرقمية,عام,القطاع العام,خدمة إلكترونية جزئيا,2025/07/08,"30,571,342"
الخدمات الرقمية,عام,القطاع العام,خدمة إلكترونية جزئيا,2025/07/08,"30,573,579"
الخدمات الرقمية,عام,القطاع العام,خدمة إلكترونية جزئيا,2025/07/08,"30,572,074"
الخدمات الرقمية,عام,القطاع العام,خدمة إلكترونية جزئيا,2025/07/08,"30,572,098"
الخدمات الرقمية,عام,القطاع العام,خدمة إلكترونية جزئيا,2025/07/09,"30,618,932"
الخدمات الرقمية,عام,القطاع العام,خدمة إلكترونية جزئيا,2025/07/09,"30,625,134"
الخدمات الرقمية,عام,القطاع العام,خدمة إلكترونية جزئيا,2025/07/09,"30,619,134"
 الشرقية,الجبيل,القطاع العام,خدمة إلكترونية جزئيا,2025/07/09,"30,607,624"
الخدمات الرقمية,عام,القطاع العام,خدمة إلكترونية جزئيا,2025/07/09,"30,633,249"
الخدمات الرقمية,عام,القطاع العام,خدمة إلكترونية جزئيا,2025/07/09,"30,632,989"
الخدمات الرقمية,عام,القطاع العام,خدمة إلكترونية جزئيا,2025/07/10,"30,658,052"
الخدمات الرقمية,عام,القطاع العام,خدمة إلكترونية جزئيا,2025/07/10,"30,657,952"
الخدمات الرقمية,عام,القطاع العام,خدمة إلكترونية جزئيا,2025/07/10,"30,655,230"
الخدمات الرقمية,عام,القطاع العام,خدمة إلكترونية جزئيا,2025/07/10,"30,655,115"
الخدمات الرقمية,عام,القطاع العام,خدمة إلكترونية جزئيا,2025/07/10,"30,659,868"
الخدمات الرقمية,عام,القطاع العام,خدمة إلكترونية جزئيا,2025/07/11,"30,669,854"
الخدمات الرقمية,عام,القطاع العام,خدمة إلكترونية جزئيا,2025/07/13,"30,720,056"
الخدمات الرقمية,عام,القطاع العام,خدمة إلكترونية جزئيا,2025/07/13,"30,721,265"
الخدمات الرقمية,عام,القطاع العام,خدمة إلكترونية جزئيا,2025/07/13,"30,720,374"
الخدمات الرقمية,عام,القطاع العام,خدمة إلكترونية جزئيا,2025/07/13,"30,721,629"
الخدمات الرقمية,عام,القطاع العام,خدمة إلكترونية جزئيا,2025/07/13,"30,721,444"
الخدمات الرقمية,عام,القطاع العام,خدمة إلكترونية جزئيا,2025/07/13,"30,724,655"
الخدمات الرقمية,عام,القطاع العام,خدمة إلكترونية جزئيا,2025/07/13,"30,722,024"
الخدمات الرقمية,عام,القطاع العام,خدمة إلكترونية جزئيا,2025/07/13,"30,713,924"
الخدمات الرقمية,عام,القطاع العام,خدمة إلكترونية جزئيا,2025/07/13,"30,719,094"
الخدمات الرقمية,عام,القطاع العام,خدمة إلكترونية جزئيا,2025/07/14,"30,743,359"
الخدمات الرقمية,عام,القطاع العام,خدمة إلكترونية جزئيا,2025/07/14,"30,742,184"
الخدمات الرقمية,عام,القطاع العام,خدمة إلكترونية جزئيا,2025/07/14,"30,748,741"
الخدمات الرقمية,عام,القطاع العام,خدمة إلكترونية جزئيا,2025/07/14,"30,732,872"
الخدمات الرقمية,عام,القطاع العام,خدمة إلكترونية جزئيا,2025/07/14,"30,746,099"
الخدمات الرقمية,عام,القطاع العام,خدمة إلكترونية جزئيا,2025/07/14,"30,746,425"
الخدمات الرقمية,عام,القطاع العام,خدمة إلكترونية جزئيا,2025/07/14,"30,740,084"
الخدمات الرقمية,عام,القطاع العام,خدمة إلكترونية جزئيا,2025/07/14,"30,741,513"
الخدمات الرقمية,عام,القطاع العام,خدمة إلكترونية جزئيا,2025/07/14,"30,741,902"
الخدمات الرقمية,عام,القطاع العام,خدمة إلكترونية جزئيا,2025/07/14,"30,739,697"
الخدمات الرقمية,عام,القطاع العام,خدمة إلكترونية جزئيا,2025/07/14,"30,739,581"
الخدمات الرقمية,عام,القطاع العام,خدمة إلكترونية جزئيا,2025/07/14,"30,740,066"
الخدمات الرقمية,عام,القطاع العام,خدمة إلكترونية جزئيا,2025/07/15,"30,778,162"
الخدمات الرقمية,عام,القطاع العام,خدمة إلكترونية جزئيا,2025/07/15,"30,758,291"
الخدمات الرقمية,عام,القطاع العام,خدمة إلكترونية جزئيا,2025/07/15,"30,758,392"
الخدمات الرقمية,عام,القطاع العام,خدمة إلكترونية جزئيا,2025/07/15,"30,755,582"
الخدمات الرقمية,عام,القطاع العام,خدمة إلكترونية جزئيا,2025/07/15,"30,764,213"
الخدمات الرقمية,عام,القطاع العام,خدمة إلكترونية جزئيا,2025/07/15,"30,757,767"
الخدمات الرقمية,عام,القطاع العام,خدمة إلكترونية جزئيا,2025/07/16,"30,802,614"
الخدمات الرقمية,عام,القطاع العام,خدمة إلكترونية جزئيا,2025/07/16,"30,810,656"
الخدمات الرقمية,عام,القطاع العام,خدمة إلكترونية جزئيا,2025/07/17,"30,819,868"
الخدمات الرقمية,عام,القطاع العام,خدمة إلكترونية جزئيا,2025/07/17,"30,820,775"
الخدمات الرقمية,عام,القطاع العام,خدمة إلكترونية جزئيا,2025/07/17,"30,818,780"
 الشرقية,الجبيل,القطاع العام,خدمة إلكترونية جزئيا,2025/07/17,"30,822,893"
الخدمات الرقمية,عام,القطاع العام,خدمة إلكترونية جزئيا,2025/07/17,"30,825,011"
الخدمات الرقمية,عام,القطاع العام,خدمة إلكترونية جزئيا,2025/07/17,"30,824,413"
الخدمات الرقمية,عام,القطاع العام,خدمة إلكترونية جزئيا,2025/07/19,"30,861,567"
الخدمات الرقمية,عام,القطاع العام,خدمة إلكترونية جزئيا,2025/07/20,"30,881,650"
الخدمات الرقمية,عام,القطاع العام,خدمة إلكترونية جزئيا,2025/07/20,"30,880,378"
الخدمات الرقمية,عام,القطاع العام,خدمة إلكترونية جزئيا,2025/07/20,"30,887,323"
الخدمات الرقمية,عام,القطاع العام,خدمة إلكترونية جزئيا,2025/07/20,"30,880,258"
الخدمات الرقمية,عام,القطاع العام,خدمة إلكترونية جزئيا,2025/07/20,"30,876,768"
الخدمات الرقمية,عام,القطاع العام,خدمة إلكترونية جزئيا,2025/07/20,"30,892,804"
الخدمات الرقمية,عام,القطاع العام,خدمة إلكترونية جزئيا,2025/07/20,"30,891,799"
الخدمات الرقمية,عام,القطاع العام,خدمة إلكترونية جزئيا,2025/07/21,"30,898,349"
الخدمات الرقمية,عام,القطاع العام,خدمة إلكترونية جزئيا,2025/07/21,"30,904,200"
الخدمات الرقمية,عام,القطاع العام,خدمة إلكترونية جزئيا,2025/07/21,"30,910,411"
الخدمات الرقمية,عام,القطاع العام,خدمة إلكترونية جزئيا,2025/07/21,"30,910,188"
الخدمات الرقمية,عام,القطاع العام,خدمة إلكترونية جزئيا,2025/07/21,"30,910,314"
الخدمات الرقمية,عام,القطاع العام,خدمة إلكترونية جزئيا,2025/07/21,"30,910,986"
الخدمات الرقمية,عام,القطاع العام,خدمة إلكترونية جزئيا,2025/07/21,"30,912,621"
الخدمات الرقمية,عام,القطاع العام,خدمة إلكترونية جزئيا,2025/07/21,"30,911,608"
الخدمات الرقمية,عام,القطاع العام,خدمة إلكترونية جزئيا,2025/07/21,"30,912,527"
الخدمات الرقمية,عام,القطاع العام,خدمة إلكترونية جزئيا,2025/07/21,"30,911,502"
الخدمات الرقمية,عام,القطاع العام,خدمة إلكترونية جزئيا,2025/07/21,"30,912,842"
الخدمات الرقمية,عام,القطاع العام,خدمة إلكترونية جزئيا,2025/07/21,"30,911,511"
الخدمات الرقمية,عام,القطاع العام,خدمة إلكترونية جزئيا,2025/07/21,"30,912,950"
الخدمات الرقمية,عام,القطاع العام,خدمة إلكترونية جزئيا,2025/07/21,"30,914,371"
الخدمات الرقمية,عام,القطاع العام,خدمة إلكترونية جزئيا,2025/07/21,"30,919,648"
الخدمات الرقمية,عام,القطاع العام,خدمة إلكترونية جزئيا,2025/07/22,"30,930,660"
الخدمات الرقمية,عام,القطاع العام,خدمة إلكترونية جزئيا,2025/07/22,"30,930,855"
الخدمات الرقمية,عام,القطاع العام,خدمة إلكترونية جزئيا,2025/07/22,"30,933,344"
الخدمات الرقمية,عام,القطاع العام,خدمة إلكترونية جزئيا,2025/07/22,"30,950,159"
الخدمات الرقمية,عام,القطاع العام,خدمة إلكترونية جزئيا,2025/07/23,"30,964,975"
 الشرقية,الجبيل,القطاع العام,خدمة إلكترونية جزئيا,2025/07/23,"30,965,260"
الخدمات الرقمية,عام,القطاع العام,خدمة إلكترونية جزئيا,2025/07/23,"30,957,249"
الخدمات الرقمية,عام,القطاع العام,خدمة إلكترونية جزئيا,2025/07/23,"30,956,738"
الخدمات الرقمية,عام,القطاع العام,خدمة إلكترونية جزئيا,2025/07/23,"30,951,882"
الخدمات الرقمية,عام,القطاع العام,خدمة إلكترونية جزئيا,2025/07/23,"30,963,267"
الخدمات الرقمية,عام,القطاع العام,خدمة إلكترونية جزئيا,2025/07/23,"30,960,649"
الخدمات الرقمية,عام,القطاع العام,خدمة إلكترونية جزئيا,2025/07/23,"30,950,939"
الخدمات الرقمية,عام,القطاع العام,خدمة إلكترونية جزئيا,2025/07/23,"30,951,268"
الخدمات الرقمية,عام,القطاع العام,خدمة إلكترونية جزئيا,2025/07/23,"30,953,828"
الخدمات الرقمية,عام,القطاع العام,خدمة إلكترونية جزئيا,2025/07/23,"30,964,180"
الخدمات الرقمية,عام,القطاع العام,خدمة إلكترونية جزئيا,2025/07/23,"30,967,471"
الخدمات الرقمية,عام,القطاع العام,خدمة إلكترونية جزئيا,2025/07/24,"30,980,152"
الخدمات الرقمية,عام,القطاع العام,خدمة إلكترونية جزئيا,2025/07/24,"30,980,211"
الخدمات الرقمية,عام,القطاع العام,خدمة إلكترونية جزئيا,2025/07/24,"30,988,157"
الخدمات الرقمية,عام,القطاع العام,خدمة إلكترونية جزئيا,2025/07/24,"30,987,921"
الخدمات الرقمية,عام,القطاع العام,خدمة إلكترونية جزئيا,2025/07/24,"30,992,999"
الخدمات الرقمية,عام,القطاع العام,خدمة إلكترونية جزئيا,2025/07/26,"31,031,342"
الخدمات الرقمية,عام,القطاع العام,خدمة إلكترونية جزئيا,2025/07/26,"31,031,345"
الخدمات الرقمية,عام,القطاع العام,خدمة إلكترونية جزئيا,2025/07/26,"31,027,538"
الخدمات الرقمية,عام,القطاع العام,خدمة إلكترونية جزئيا,2025/07/26,"31,031,742"
الخدمات الرقمية,عام,القطاع العام,خدمة إلكترونية جزئيا,2025/07/26,"31,031,666"
الخدمات الرقمية,عام,القطاع العام,خدمة إلكترونية جزئيا,2025/07/27,"31,056,153"
الخدمات الرقمية,عام,القطاع العام,خدمة إلكترونية جزئيا,2025/07/27,"31,050,641"
الخدمات الرقمية,عام,القطاع العام,خدمة إلكترونية جزئيا,2025/07/27,"31,056,281"
الخدمات الرقمية,عام,القطاع العام,خدمة إلكترونية جزئيا,2025/07/27,"31,056,170"
الخدمات الرقمية,عام,القطاع العام,خدمة إلكترونية جزئيا,2025/07/27,"31,054,065"
الخدمات الرقمية,عام,القطاع العام,خدمة إلكترونية جزئيا,2025/07/27,"31,054,246"
الخدمات الرقمية,عام,القطاع العام,خدمة إلكترونية جزئيا,2025/07/27,"31,040,494"
الخدمات الرقمية,عام,القطاع العام,خدمة إلكترونية جزئيا,2025/07/27,"31,052,544"
الخدمات الرقمية,عام,القطاع العام,خدمة إلكترونية جزئيا,2025/07/27,"31,050,467"
الخدمات الرقمية,عام,القطاع العام,خدمة إلكترونية جزئيا,2025/07/27,"31,050,954"
الخدمات الرقمية,عام,القطاع العام,خدمة إلكترونية جزئيا,2025/07/27,"31,052,216"
الخدمات الرقمية,عام,القطاع العام,خدمة إلكترونية جزئيا,2025/07/28,"31,057,350"
الخدمات الرقمية,عام,القطاع العام,خدمة إلكترونية جزئيا,2025/07/28,"31,066,767"
الخدمات الرقمية,عام,القطاع العام,خدمة إلكترونية جزئيا,2025/07/28,"31,064,157"
الخدمات الرقمية,عام,القطاع العام,خدمة إلكترونية جزئيا,2025/07/28,"31,065,733"
الخدمات الرقمية,عام,القطاع العام,خدمة إلكترونية جزئيا,2025/07/28,"31,074,712"
الخدمات الرقمية,عام,القطاع العام,خدمة إلكترونية جزئيا,2025/07/28,"31,074,938"
الخدمات الرقمية,عام,القطاع العام,خدمة إلكترونية جزئيا,2025/07/28,"31,059,599"
الخدمات الرقمية,عام,القطاع العام,خدمة إلكترونية جزئيا,2025/07/28,"31,073,253"
الخدمات الرقمية,عام,القطاع العام,خدمة إلكترونية جزئيا,2025/07/28,"31,074,455"
الخدمات الرقمية,عام,القطاع العام,خدمة إلكترونية جزئيا,2025/07/28,"31,075,110"
الخدمات الرقمية,عام,القطاع العام,خدمة إلكترونية جزئيا,2025/07/28,"31,057,467"
الخدمات الرقمية,عام,القطاع العام,خدمة إلكترونية جزئيا,2025/07/28,"31,057,477"
الخدمات الرقمية,عام,القطاع العام,خدمة إلكترونية جزئيا,2025/07/29,"31,097,176"
الخدمات الرقمية,عام,القطاع العام,خدمة إلكترونية جزئيا,2025/07/29,"31,083,121"
الخدمات الرقمية,عام,القطاع العام,خدمة إلكترونية جزئيا,2025/07/29,"31,101,325"
الخدمات الرقمية,عام,القطاع العام,خدمة إلكترونية جزئيا,2025/07/29,"31,089,970"
الخدمات الرقمية,عام,القطاع العام,خدمة إلكترونية جزئيا,2025/07/29,"31,078,973"
الخدمات الرقمية,عام,القطاع العام,خدمة إلكترونية جزئيا,2025/07/29,"31,079,010"
الخدمات الرقمية,عام,القطاع العام,خدمة إلكترونية جزئيا,2025/07/29,"31,078,084"
الخدمات الرقمية,عام,القطاع العام,خدمة إلكترونية جزئيا,2025/07/29,"31,093,099"
الخدمات الرقمية,عام,القطاع العام,خدمة إلكترونية جزئيا,2025/07/30,"31,118,384"
الخدمات الرقمية,عام,القطاع العام,خدمة إلكترونية جزئيا,2025/07/30,"31,121,452"
الخدمات الرقمية,عام,القطاع العام,خدمة إلكترونية جزئيا,2025/07/30,"31,104,856"
 الشرقية,الجبيل,القطاع العام,خدمة إلكترونية جزئيا,2025/07/30,"31,111,218"
 الرياض,الرياض,القطاع العام,خدمة إلكترونية جزئيا,2025/07/30,"31,106,509"
 الرياض,الرياض,القطاع العام,خدمة إلكترونية جزئيا,2025/07/30,"31,108,678"
الخدمات الرقمية,عام,القطاع العام,خدمة إلكترونية جزئيا,2025/07/30,"31,106,745"
الخدمات الرقمية,عام,القطاع العام,خدمة إلكترونية جزئيا,2025/07/30,"31,102,895"
الخدمات الرقمية,عام,القطاع العام,خدمة إلكترونية جزئيا,2025/07/30,"31,103,096"
الخدمات الرقمية,عام,القطاع العام,خدمة إلكترونية جزئيا,2025/07/30,"31,102,810"
الخدمات الرقمية,عام,القطاع العام,خدمة إلكترونية جزئيا,2025/07/30,"31,103,014"
الخدمات الرقمية,عام,القطاع العام,خدمة إلكترونية جزئيا,2025/07/31,"31,130,209"
الخدمات الرقمية,عام,القطاع العام,خدمة إلكترونية جزئيا,2025/07/31,"31,129,508"
الخدمات الرقمية,عام,القطاع العام,خدمة إلكترونية جزئيا,2025/07/31,"31,129,697"
الخدمات الرقمية,عام,القطاع العام,خدمة إلكترونية جزئيا,2025/07/31,"31,129,428"
الخدمات الرقمية,عام,القطاع العام,خدمة إلكترونية جزئيا,2025/07/31,"31,128,049"
الخدمات الرقمية,عام,القطاع العام,خدمة إلكترونية جزئيا,2025/07/31,"31,128,999"
الخدمات الرقمية,عام,القطاع العام,خدمة إلكترونية جزئيا,2025/07/31,"31,128,787"
الخدمات الرقمية,عام,القطاع العام,خدمة إلكترونية جزئيا,2025/08/03,"31,192,780"
الخدمات الرقمية,عام,القطاع العام,خدمة إلكترونية جزئيا,2025/08/03,"31,183,187"
الخدمات الرقمية,عام,القطاع العام,خدمة إلكترونية جزئيا,2025/08/03,"31,184,206"
الخدمات الرقمية,عام,القطاع العام,خدمة إلكترونية جزئيا,2025/08/03,"31,183,921"
الخدمات الرقمية,عام,القطاع العام,خدمة إلكترونية جزئيا,2025/08/03,"31,182,639"
 الرياض,الرياض,القطاع العام,خدمة إلكترونية جزئيا,2025/08/04,"31,209,371"
الخدمات الرقمية,عام,القطاع العام,خدمة إلكترونية جزئيا,2025/08/04,"31,208,973"
الخدمات الرقمية,عام,القطاع العام,خدمة إلكترونية جزئيا,2025/08/04,"31,212,851"
الخدمات الرقمية,عام,القطاع العام,خدمة إلكترونية جزئيا,2025/08/04,"31,213,038"
الخدمات الرقمية,عام,القطاع العام,خدمة إلكترونية جزئيا,2025/08/04,"31,224,520"
الخدمات الرقمية,عام,القطاع العام,خدمة إلكترونية جزئيا,2025/08/04,"31,224,702"
الخدمات الرقمية,عام,القطاع العام,خدمة إلكترونية جزئيا,2025/08/05,"31,240,357"
الخدمات الرقمية,عام,القطاع العام,خدمة إلكترونية جزئيا,2025/08/05,"31,240,156"
 الشرقية,الجبيل,القطاع العام,خدمة إلكترونية جزئيا,2025/08/05,"31,239,078"
الخدمات الرقمية,عام,القطاع العام,خدمة إلكترونية جزئيا,2025/08/05,"31,254,690"
الخدمات الرقمية,عام,القطاع العام,خدمة إلكترونية جزئيا,2025/08/06,"31,269,635"
الخدمات الرقمية,عام,القطاع العام,خدمة إلكترونية جزئيا,2025/08/06,"31,278,032"
الخدمات الرقمية,عام,القطاع العام,خدمة إلكترونية جزئيا,2025/08/06,"31,274,855"
الخدمات الرقمية,عام,القطاع العام,خدمة إلكترونية جزئيا,2025/08/07,"31,291,257"
الخدمات الرقمية,عام,القطاع العام,خدمة إلكترونية جزئيا,2025/08/07,"31,291,421"
الخدمات الرقمية,عام,القطاع العام,خدمة إلكترونية جزئيا,2025/08/07,"31,286,063"
الخدمات الرقمية,عام,القطاع العام,خدمة إلكترونية جزئيا,2025/08/08,"31,309,177"
الخدمات الرقمية,عام,القطاع العام,خدمة إلكترونية جزئيا,2025/08/10,"31,350,946"
الخدمات الرقمية,عام,القطاع العام,خدمة إلكترونية جزئيا,2025/08/10,"31,350,586"
الخدمات الرقمية,عام,القطاع العام,خدمة إلكترونية جزئيا,2025/08/10,"31,356,171"
الخدمات الرقمية,عام,القطاع العام,خدمة إلكترونية جزئيا,2025/08/10,"31,337,300"
الخدمات الرقمية,عام,القطاع العام,خدمة إلكترونية جزئيا,2025/08/10,"31,340,292"
الخدمات الرقمية,عام,القطاع العام,خدمة إلكترونية جزئيا,2025/08/10,"31,337,467"
الخدمات الرقمية,عام,القطاع العام,خدمة إلكترونية جزئيا,2025/08/10,"31,341,713"
الخدمات الرقمية,عام,القطاع العام,خدمة إلكترونية جزئيا,2025/08/10,"31,340,532"
الخدمات الرقمية,عام,القطاع العام,خدمة إلكترونية جزئيا,2025/08/10,"31,341,268"
الخدمات الرقمية,عام,القطاع العام,خدمة إلكترونية جزئيا,2025/08/10,"31,340,117"
الخدمات الرقمية,عام,القطاع العام,خدمة إلكترونية جزئيا,2025/08/10,"31,341,623"
الخدمات الرقمية,عام,القطاع العام,خدمة إلكترونية جزئيا,2025/08/10,"31,347,277"
الخدمات الرقمية,عام,القطاع العام,خدمة إلكترونية جزئيا,2025/08/10,"31,348,290"
الخدمات الرقمية,عام,القطاع العام,خدمة إلكترونية جزئيا,2025/08/10,"31,336,703"
الخدمات الرقمية,عام,القطاع العام,خدمة إلكترونية جزئيا,2025/08/10,"31,337,437"
الخدمات الرقمية,عام,القطاع العام,خدمة إلكترونية جزئيا,2025/08/10,"31,348,583"
الخدمات الرقمية,عام,القطاع العام,خدمة إلكترونية جزئيا,2025/08/10,"31,349,183"
الخدمات الرقمية,عام,القطاع العام,خدمة إلكترونية جزئيا,2025/08/11,"31,357,475"
الخدمات الرقمية,عام,القطاع العام,خدمة إلكترونية جزئيا,2025/08/11,"31,357,437"
الخدمات الرقمية,عام,القطاع العام,خدمة إلكترونية جزئيا,2025/08/12,"31,391,758"
الخدمات الرقمية,عام,القطاع العام,خدمة إلكترونية جزئيا,2025/08/12,"31,392,462"
الخدمات الرقمية,عام,القطاع العام,خدمة إلكترونية جزئيا,2025/08/13,"31,419,603"
الخدمات الرقمية,عام,القطاع العام,خدمة إلكترونية جزئيا,2025/08/13,"31,414,758"
 الشرقية,الجبيل,القطاع العام,خدمة إلكترونية جزئيا,2025/08/13,"31,413,994"
الخدمات الرقمية,عام,القطاع العام,خدمة إلكترونية جزئيا,2025/08/13,"31,419,490"
الخدمات الرقمية,عام,القطاع العام,خدمة إلكترونية جزئيا,2025/08/13,"31,422,978"
الخدمات الرقمية,عام,القطاع العام,خدمة إلكترونية جزئيا,2025/08/14,"31,441,397"
الخدمات الرقمية,عام,القطاع العام,خدمة إلكترونية جزئيا,2025/08/14,"31,441,302"
الخدمات الرقمية,عام,القطاع العام,خدمة إلكترونية جزئيا,2025/08/14,"31,435,384"
الخدمات الرقمية,عام,القطاع العام,خدمة إلكترونية جزئيا,2025/08/14,"31,444,694"
الخدمات الرقمية,عام,القطاع العام,خدمة إلكترونية جزئيا,2025/08/14,"31,429,212"
الخدمات الرقمية,عام,القطاع العام,خدمة إلكترونية جزئيا,2025/08/16,"31,472,510"
الخدمات الرقمية,عام,القطاع العام,خدمة إلكترونية جزئيا,2025/08/17,"31,481,625"
الخدمات الرقمية,عام,القطاع العام,خدمة إلكترونية جزئيا,2025/08/17,"31,481,333"
الخدمات الرقمية,عام,القطاع العام,خدمة إلكترونية جزئيا,2025/08/17,"31,481,797"
الخدمات الرقمية,عام,القطاع العام,خدمة إلكترونية جزئيا,2025/08/18,"31,517,825"
الخدمات الرقمية,عام,القطاع العام,خدمة إلكترونية جزئيا,2025/08/18,"31,502,843"
الخدمات الرقمية,عام,القطاع العام,خدمة إلكترونية جزئيا,2025/08/18,"31,500,694"
الخدمات الرقمية,عام,القطاع العام,خدمة إلكترونية جزئيا,2025/08/18,"31,500,683"
الخدمات الرقمية,عام,القطاع العام,خدمة إلكترونية جزئيا,2025/08/18,"31,499,952"
الخدمات الرقمية,عام,القطاع العام,خدمة إلكترونية جزئيا,2025/08/18,"31,499,951"
الخدمات الرقمية,عام,القطاع العام,خدمة إلكترونية جزئيا,2025/08/18,"31,502,267"
الخدمات الرقمية,عام,القطاع العام,خدمة إلكترونية جزئيا,2025/08/19,"31,531,540"
الخدمات الرقمية,عام,القطاع العام,خدمة إلكترونية جزئيا,2025/08/19,"31,533,861"
الخدمات الرقمية,عام,القطاع العام,خدمة إلكترونية جزئيا,2025/08/19,"31,531,450"
الخدمات الرقمية,عام,القطاع العام,خدمة إلكترونية جزئيا,2025/08/19,"31,522,340"
الخدمات الرقمية,عام,القطاع العام,خدمة إلكترونية جزئيا,2025/08/19,"31,534,872"
الخدمات الرقمية,عام,القطاع العام,خدمة إلكترونية جزئيا,2025/08/19,"31,534,766"
الخدمات الرقمية,عام,القطاع العام,خدمة إلكترونية جزئيا,2025/08/19,"31,545,572"
الخدمات الرقمية,عام,القطاع العام,خدمة إلكترونية جزئيا,2025/08/19,"31,545,207"
الخدمات الرقمية,عام,القطاع العام,خدمة إلكترونية جزئيا,2025/08/20,"31,566,178"
الخدمات الرقمية,عام,القطاع العام,خدمة إلكترونية جزئيا,2025/08/20,"31,566,469"
الخدمات الرقمية,عام,القطاع العام,خدمة إلكترونية جزئيا,2025/08/20,"31,566,440"
الخدمات الرقمية,عام,القطاع العام,خدمة إلكترونية جزئيا,2025/08/20,"31,556,656"
الخدمات الرقمية,عام,القطاع العام,خدمة إلكترونية جزئيا,2025/08/20,"31,557,914"
الخدمات الرقمية,عام,القطاع العام,خدمة إلكترونية جزئيا,2025/08/20,"31,559,906"
الخدمات الرقمية,عام,القطاع العام,خدمة إلكترونية جزئيا,2025/08/20,"31,560,206"
الخدمات الرقمية,عام,القطاع العام,خدمة إلكترونية جزئيا,2025/08/21,"31,598,089"
الخدمات الرقمية,عام,القطاع العام,خدمة إلكترونية جزئيا,2025/08/21,"31,584,213"
الخدمات الرقمية,عام,القطاع العام,خدمة إلكترونية جزئيا,2025/08/21,"31,583,266"
الخدمات الرقمية,عام,القطاع العام,خدمة إلكترونية جزئيا,2025/08/21,"31,580,758"
 الشرقية,الجبيل,القطاع العام,خدمة إلكترونية جزئيا,2025/08/21,"31,584,983"
الخدمات الرقمية,عام,القطاع العام,خدمة إلكترونية جزئيا,2025/08/21,"31,597,276"
الخدمات الرقمية,عام,القطاع العام,خدمة إلكترونية جزئيا,2025/08/21,"31,597,675"
الخدمات الرقمية,عام,القطاع العام,خدمة إلكترونية جزئيا,2025/08/21,"31,597,111"
الخدمات الرقمية,عام,القطاع العام,خدمة إلكترونية جزئيا,2025/08/21,"31,597,715"
الخدمات الرقمية,عام,القطاع العام,خدمة إلكترونية جزئيا,2025/08/21,"31,583,833"
الخدمات الرقمية,عام,القطاع العام,خدمة إلكترونية جزئيا,2025/08/21,"31,583,649"
الخدمات الرقمية,عام,القطاع العام,خدمة إلكترونية جزئيا,2025/08/21,"31,597,246"
الخدمات الرقمية,عام,القطاع العام,خدمة إلكترونية جزئيا,2025/08/24,"31,629,076"
الخدمات الرقمية,عام,القطاع العام,خدمة إلكترونية جزئيا,2025/08/24,"31,620,573"
الخدمات الرقمية,عام,القطاع العام,خدمة إلكترونية جزئيا,2025/08/24,"31,627,231"
الخدمات الرقمية,عام,القطاع العام,خدمة إلكترونية جزئيا,2025/08/24,"31,630,603"
الخدمات الرقمية,عام,القطاع العام,خدمة إلكترونية جزئيا,2025/08/24,"31,626,557"
الخدمات الرقمية,عام,القطاع العام,خدمة إلكترونية جزئيا,2025/08/24,"31,628,991"
الخدمات الرقمية,عام,القطاع العام,خدمة إلكترونية جزئيا,2025/08/24,"31,628,821"
الخدمات الرقمية,عام,القطاع العام,خدمة إلكترونية جزئيا,2025/08/24,"31,635,349"
الخدمات الرقمية,عام,القطاع العام,خدمة إلكترونية جزئيا,2025/08/25,"31,643,234"
الخدمات الرقمية,عام,القطاع العام,خدمة إلكترونية جزئيا,2025/08/25,"31,642,659"
الخدمات الرقمية,عام,القطاع العام,خدمة إلكترونية جزئيا,2025/08/25,"31,649,411"
الخدمات الرقمية,عام,القطاع العام,خدمة إلكترونية جزئيا,2025/08/25,"31,643,028"
الخدمات الرقمية,عام,القطاع العام,خدمة إلكترونية جزئيا,2025/08/25,"31,642,698"
الخدمات الرقمية,عام,القطاع العام,خدمة إلكترونية جزئيا,2025/08/25,"31,640,019"
الخدمات الرقمية,عام,القطاع العام,خدمة إلكترونية جزئيا,2025/08/25,"31,650,117"
الخدمات الرقمية,عام,القطاع العام,خدمة إلكترونية جزئيا,2025/08/25,"31,650,077"
الخدمات الرقمية,عام,القطاع العام,خدمة إلكترونية جزئيا,2025/08/25,"31,650,158"
الخدمات الرقمية,عام,القطاع العام,خدمة إلكترونية جزئيا,2025/08/26,"31,685,385"
الخدمات الرقمية,عام,القطاع العام,خدمة إلكترونية جزئيا,2025/08/26,"31,664,099"
الخدمات الرقمية,عام,القطاع العام,خدمة إلكترونية جزئيا,2025/08/26,"31,676,746"
الخدمات الرقمية,عام,القطاع العام,خدمة إلكترونية جزئيا,2025/08/26,"31,676,358"
الخدمات الرقمية,عام,القطاع العام,خدمة إلكترونية جزئيا,2025/08/26,"31,676,620"
الخدمات الرقمية,عام,القطاع العام,خدمة إلكترونية جزئيا,2025/08/26,"31,677,119"
الخدمات الرقمية,عام,القطاع العام,خدمة إلكترونية جزئيا,2025/08/26,"31,664,129"
الخدمات الرقمية,عام,القطاع العام,خدمة إلكترونية جزئيا,2025/08/27,"31,714,223"
الخدمات الرقمية,عام,القطاع العام,خدمة إلكترونية جزئيا,2025/08/27,"31,701,519"
الخدمات الرقمية,عام,القطاع العام,خدمة إلكترونية جزئيا,2025/08/27,"31,717,346"
الخدمات الرقمية,عام,القطاع العام,خدمة إلكترونية جزئيا,2025/08/27,"31,701,480"
الخدمات الرقمية,عام,القطاع العام,خدمة إلكترونية جزئيا,2025/08/27,"31,717,267"
الخدمات الرقمية,عام,القطاع العام,خدمة إلكترونية جزئيا,2025/08/27,"31,714,988"
الخدمات الرقمية,عام,القطاع العام,خدمة إلكترونية جزئيا,2025/08/27,"31,721,748"
الخدمات الرقمية,عام,القطاع العام,خدمة إلكترونية جزئيا,2025/08/28,"31,729,151"
الخدمات الرقمية,عام,القطاع العام,خدمة إلكترونية جزئيا,2025/08/28,"31,737,333"
الخدمات الرقمية,عام,القطاع العام,خدمة إلكترونية جزئيا,2025/08/28,"31,724,067"
الخدمات الرقمية,عام,القطاع العام,خدمة إلكترونية جزئيا,2025/08/28,"31,726,337"
الخدمات الرقمية,عام,القطاع العام,خدمة إلكترونية جزئيا,2025/08/28,"31,726,329"
الخدمات الرقمية,عام,القطاع العام,خدمة إلكترونية جزئيا,2025/08/28,"31,723,387"
الخدمات الرقمية,عام,القطاع العام,خدمة إلكترونية جزئيا,2025/08/28,"31,740,862"
الخدمات الرقمية,عام,القطاع العام,خدمة إلكترونية جزئيا,2025/08/28,"31,740,922"
الخدمات الرقمية,عام,القطاع العام,خدمة إلكترونية جزئيا,2025/08/28,"31,737,330"
الخدمات الرقمية,عام,القطاع العام,خدمة إلكترونية جزئيا,2025/08/31,"31,786,262"
 الشرقية,الجبيل,القطاع العام,خدمة إلكترونية جزئيا,2025/08/31,"31,776,334"
الخدمات الرقمية,عام,القطاع العام,خدمة إلكترونية جزئيا,2025/08/31,"31,776,307"
الخدمات الرقمية,عام,القطاع العام,خدمة إلكترونية جزئيا,2025/08/31,"31,777,089"
الخدمات الرقمية,عام,القطاع العام,خدمة إلكترونية جزئيا,2025/08/31,"31,776,514"
الخدمات الرقمية,عام,القطاع العام,خدمة إلكترونية جزئيا,2025/08/31,"31,777,567"
الخدمات الرقمية,عام,القطاع العام,خدمة إلكترونية جزئيا,2025/08/31,"31,786,364"
الخدمات الرقمية,عام,القطاع العام,خدمة إلكترونية جزئيا,2025/08/31,"31,786,437"
الخدمات الرقمية,عام,القطاع العام,خدمة إلكترونية جزئيا,2025/08/31,"31,777,442"
الخدمات الرقمية,عام,القطاع العام,خدمة إلكترونية جزئيا,2025/08/31,"31,792,851"
الخدمات الرقمية,عام,القطاع العام,خدمة إلكترونية جزئيا,2025/08/31,"31,779,782"
الخدمات الرقمية,عام,القطاع العام,خدمة إلكترونية جزئيا,2025/08/31,"31,785,072"
الخدمات الرقمية,عام,القطاع العام,خدمة إلكترونية جزئيا,2025/08/31,"31,790,267"
الخدمات الرقمية,عام,القطاع العام,خدمة إلكترونية جزئيا,2025/09/01,"31,802,611"
الخدمات الرقمية,عام,القطاع العام,خدمة إلكترونية جزئيا,2025/09/01,"31,802,775"
الخدمات الرقمية,عام,القطاع العام,خدمة إلكترونية جزئيا,2025/09/01,"31,815,961"
الخدمات الرقمية,عام,القطاع العام,خدمة إلكترونية جزئيا,2025/09/01,"31,808,981"
الخدمات الرقمية,عام,القطاع العام,خدمة إلكترونية جزئيا,2025/09/01,"31,809,743"
الخدمات الرقمية,عام,القطاع العام,خدمة إلكترونية جزئيا,2025/09/01,"31,817,946"
الخدمات الرقمية,عام,القطاع العام,خدمة إلكترونية جزئيا,2025/09/01,"31,817,905"
الخدمات الرقمية,عام,القطاع العام,خدمة إلكترونية جزئيا,2025/09/01,"31,818,035"
الخدمات الرقمية,عام,القطاع العام,خدمة إلكترونية جزئيا,2025/09/01,"31,818,070"
الخدمات الرقمية,عام,القطاع العام,خدمة إلكترونية جزئيا,2025/09/02,"31,823,081"
الخدمات الرقمية,عام,القطاع العام,خدمة إلكترونية جزئيا,2025/09/02,"31,839,900"
الخدمات الرقمية,عام,القطاع العام,خدمة إلكترونية جزئيا,2025/09/02,"31,823,359"
الخدمات الرقمية,عام,القطاع العام,خدمة إلكترونية جزئيا,2025/09/02,"31,824,066"
الخدمات الرقمية,عام,القطاع العام,خدمة إلكترونية جزئيا,2025/09/02,"31,828,694"
الخدمات الرقمية,عام,القطاع العام,خدمة إلكترونية جزئيا,2025/09/02,"31,827,800"
الخدمات الرقمية,عام,القطاع العام,خدمة إلكترونية جزئيا,2025/09/03,"31,868,699"
الخدمات الرقمية,عام,القطاع العام,خدمة إلكترونية جزئيا,2025/09/03,"31,850,613"
الخدمات الرقمية,عام,القطاع العام,خدمة إلكترونية جزئيا,2025/09/03,"31,848,574"
الخدمات الرقمية,عام,القطاع العام,خدمة إلكترونية جزئيا,2025/09/03,"31,848,506"
الخدمات الرقمية,عام,القطاع العام,خدمة إلكترونية جزئيا,2025/09/03,"31,859,491"
الخدمات الرقمية,عام,القطاع العام,خدمة إلكترونية جزئيا,2025/09/03,"31,859,312"
الخدمات الرقمية,عام,القطاع العام,خدمة إلكترونية جزئيا,2025/09/03,"31,847,390"
الخدمات الرقمية,عام,القطاع العام,خدمة إلكترونية جزئيا,2025/09/04,"31,886,497"
الخدمات الرقمية,عام,القطاع العام,خدمة إلكترونية جزئيا,2025/09/04,"31,873,439"
الخدمات الرقمية,عام,القطاع العام,خدمة إلكترونية جزئيا,2025/09/04,"31,887,586"
الخدمات الرقمية,عام,القطاع العام,خدمة إلكترونية جزئيا,2025/09/04,"31,887,683"
الخدمات الرقمية,عام,القطاع العام,خدمة إلكترونية جزئيا,2025/09/04,"31,876,954"
الخدمات الرقمية,عام,القطاع العام,خدمة إلكترونية جزئيا,2025/09/06,"31,901,784"
الخدمات الرقمية,عام,القطاع العام,خدمة إلكترونية جزئيا,2025/09/06,"31,902,931"
الخدمات الرقمية,عام,القطاع العام,خدمة إلكترونية جزئيا,2025/09/07,"31,918,380"
الخدمات الرقمية,عام,القطاع العام,خدمة إلكترونية جزئيا,2025/09/07,"31,918,184"
الخدمات الرقمية,عام,القطاع العام,خدمة إلكترونية جزئيا,2025/09/07,"31,918,091"
الخدمات الرقمية,عام,القطاع العام,خدمة إلكترونية جزئيا,2025/09/07,"31,912,788"
 الشرقية,الجبيل,القطاع العام,خدمة إلكترونية جزئيا,2025/09/07,"31,904,406"
 الرياض,الرياض,القطاع العام,خدمة إلكترونية جزئيا,2025/09/07,"31,912,961"
الخدمات الرقمية,عام,القطاع العام,خدمة إلكترونية جزئيا,2025/09/08,"31,926,044"
الخدمات الرقمية,عام,القطاع العام,خدمة إلكترونية جزئيا,2025/09/08,"31,937,742"
الخدمات الرقمية,عام,القطاع العام,خدمة إلكترونية جزئيا,2025/09/08,"31,937,683"
الخدمات الرقمية,عام,القطاع العام,خدمة إلكترونية جزئيا,2025/09/08,"31,934,602"
الخدمات الرقمية,عام,القطاع العام,خدمة إلكترونية جزئيا,2025/09/08,"31,928,992"
الخدمات الرقمية,عام,القطاع العام,خدمة إلكترونية جزئيا,2025/09/08,"31,934,398"
الخدمات الرقمية,عام,القطاع العام,خدمة إلكترونية جزئيا,2025/09/08,"31,926,703"
الخدمات الرقمية,عام,القطاع العام,خدمة إلكترونية جزئيا,2025/09/08,"31,929,253"
الخدمات الرقمية,عام,القطاع العام,خدمة إلكترونية جزئيا,2025/09/08,"31,930,636"
الخدمات الرقمية,عام,القطاع العام,خدمة إلكترونية جزئيا,2025/09/08,"31,934,842"
الخدمات الرقمية,عام,القطاع العام,خدمة إلكترونية جزئيا,2025/09/08,"31,926,454"
الخدمات الرقمية,عام,القطاع العام,خدمة إلكترونية جزئيا,2025/09/08,"31,930,980"
الخدمات الرقمية,عام,القطاع العام,خدمة إلكترونية جزئيا,2025/09/08,"31,927,952"
الخدمات الرقمية,عام,القطاع العام,خدمة إلكترونية جزئيا,2025/09/09,"31,966,191"
الخدمات الرقمية,عام,القطاع العام,خدمة إلكترونية جزئيا,2025/09/09,"31,963,827"
الخدمات الرقمية,عام,القطاع العام,خدمة إلكترونية جزئيا,2025/09/10,"31,990,616"
الخدمات الرقمية,عام,القطاع العام,خدمة إلكترونية جزئيا,2025/09/10,"31,977,094"
الخدمات الرقمية,عام,القطاع العام,خدمة إلكترونية جزئيا,2025/09/10,"31,977,170"
الخدمات الرقمية,عام,القطاع العام,خدمة إلكترونية جزئيا,2025/09/10,"31,975,688"
الخدمات الرقمية,عام,القطاع العام,خدمة إلكترونية جزئيا,2025/09/10,"31,978,380"
الخدمات الرقمية,عام,القطاع العام,خدمة إلكترونية جزئيا,2025/09/10,"31,989,164"
الخدمات الرقمية,عام,القطاع العام,خدمة إلكترونية جزئيا,2025/09/10,"31,989,327"
الخدمات الرقمية,عام,القطاع العام,خدمة إلكترونية جزئيا,2025/09/10,"31,976,118"
 الشرقية,الجبيل,القطاع العام,خدمة إلكترونية جزئيا,2025/09/11,"32,006,125"
الخدمات الرقمية,عام,القطاع العام,خدمة إلكترونية جزئيا,2025/09/11,"32,013,002"
الخدمات الرقمية,عام,القطاع العام,خدمة إلكترونية جزئيا,2025/09/11,"32,000,651"
الخدمات الرقمية,عام,القطاع العام,خدمة إلكترونية جزئيا,2025/09/11,"32,000,826"
الخدمات الرقمية,عام,القطاع العام,خدمة إلكترونية جزئيا,2025/09/14,"32,056,422"
الخدمات الرقمية,عام,القطاع العام,خدمة إلكترونية جزئيا,2025/09/14,"32,054,920"
الخدمات الرقمية,عام,القطاع العام,خدمة إلكترونية جزئيا,2025/09/14,"32,064,759"
الخدمات الرقمية,عام,القطاع العام,خدمة إلكترونية جزئيا,2025/09/14,"32,057,015"
الخدمات الرقمية,عام,القطاع العام,خدمة إلكترونية جزئيا,2025/09/14,"32,047,321"
الخدمات الرقمية,عام,القطاع العام,خدمة إلكترونية جزئيا,2025/09/14,"32,053,394"
الخدمات الرقمية,عام,القطاع العام,خدمة إلكترونية جزئيا,2025/09/14,"32,052,806"
الخدمات الرقمية,عام,القطاع العام,خدمة إلكترونية جزئيا,2025/09/14,"32,052,120"
الخدمات الرقمية,عام,القطاع العام,خدمة إلكترونية جزئيا,2025/09/14,"32,058,181"
الخدمات الرقمية,عام,القطاع العام,خدمة إلكترونية جزئيا,2025/09/15,"32,080,254"
الخدمات الرقمية,عام,القطاع العام,خدمة إلكترونية جزئيا,2025/09/15,"32,079,825"
الخدمات الرقمية,عام,القطاع العام,خدمة إلكترونية جزئيا,2025/09/15,"32,076,583"
الخدمات الرقمية,عام,القطاع العام,خدمة إلكترونية جزئيا,2025/09/15,"32,077,403"
الخدمات الرقمية,عام,القطاع العام,خدمة إلكترونية جزئيا,2025/09/15,"32,065,248"
الخدمات الرقمية,عام,القطاع العام,خدمة إلكترونية جزئيا,2025/09/16,"32,102,524"
الخدمات الرقمية,عام,القطاع العام,خدمة إلكترونية جزئيا,2025/09/16,"32,101,095"
الخدمات الرقمية,عام,القطاع العام,خدمة إلكترونية جزئيا,2025/09/16,"32,104,050"
الخدمات الرقمية,عام,القطاع العام,خدمة إلكترونية جزئيا,2025/09/16,"32,091,942"
الخدمات الرقمية,عام,القطاع العام,خدمة إلكترونية جزئيا,2025/09/16,"32,103,175"
الخدمات الرقمية,عام,القطاع العام,خدمة إلكترونية جزئيا,2025/09/16,"32,109,234"
الخدمات الرقمية,عام,القطاع العام,خدمة إلكترونية جزئيا,2025/09/16,"32,093,134"
الخدمات الرقمية,عام,القطاع العام,خدمة إلكترونية جزئيا,2025/09/16,"32,091,080"
الخدمات الرقمية,عام,القطاع العام,خدمة إلكترونية جزئيا,2025/09/16,"32,092,905"
الخدمات الرقمية,عام,القطاع العام,خدمة إلكترونية جزئيا,2025/09/16,"32,087,860"
الخدمات الرقمية,عام,القطاع العام,خدمة إلكترونية جزئيا,2025/09/16,"32,102,238"
الخدمات الرقمية,عام,القطاع العام,خدمة إلكترونية جزئيا,2025/09/16,"32,102,164"
الخدمات الرقمية,عام,القطاع العام,خدمة إلكترونية جزئيا,2025/09/17,"32,136,298"
الخدمات الرقمية,عام,القطاع العام,خدمة إلكترونية جزئيا,2025/09/17,"32,115,055"
الخدمات الرقمية,عام,القطاع العام,خدمة إلكترونية جزئيا,2025/09/17,"32,136,154"
الخدمات الرقمية,عام,القطاع العام,خدمة إلكترونية جزئيا,2025/09/17,"32,126,168"
الخدمات الرقمية,عام,القطاع العام,خدمة إلكترونية جزئيا,2025/09/17,"32,126,242"
الخدمات الرقمية,عام,القطاع العام,خدمة إلكترونية جزئيا,2025/09/18,"32,158,683"
الخدمات الرقمية,عام,القطاع العام,خدمة إلكترونية جزئيا,2025/09/18,"32,142,609"
الخدمات الرقمية,عام,القطاع العام,خدمة إلكترونية جزئيا,2025/09/18,"32,140,938"
الخدمات الرقمية,عام,القطاع العام,خدمة إلكترونية جزئيا,2025/09/18,"32,141,055"
الخدمات الرقمية,عام,القطاع العام,خدمة إلكترونية جزئيا,2025/09/18,"32,139,870"
الخدمات الرقمية,عام,القطاع العام,خدمة إلكترونية جزئيا,2025/09/18,"32,137,942"
الخدمات الرقمية,عام,القطاع العام,خدمة إلكترونية جزئيا,2025/09/18,"32,141,465"
الخدمات الرقمية,عام,القطاع العام,خدمة إلكترونية جزئيا,2025/09/18,"32,140,086"
الخدمات الرقمية,عام,القطاع العام,خدمة إلكترونية جزئيا,2025/09/18,"32,146,768"
الخدمات الرقمية,عام,القطاع العام,خدمة إلكترونية جزئيا,2025/09/20,"32,182,031"
الخدمات الرقمية,عام,القطاع العام,خدمة إلكترونية جزئيا,2025/09/20,"32,172,802"
الخدمات الرقمية,عام,القطاع العام,خدمة إلكترونية جزئيا,2025/09/21,"32,200,957"
الخدمات الرقمية,عام,القطاع العام,خدمة إلكترونية جزئيا,2025/09/21,"32,197,660"
الخدمات الرقمية,عام,القطاع العام,خدمة إلكترونية جزئيا,2025/09/21,"32,197,003"
 الشرقية,الجبيل,القطاع العام,خدمة إلكترونية جزئيا,2025/09/21,"32,186,237"
الخدمات الرقمية,عام,القطاع العام,خدمة إلكترونية جزئيا,2025/09/21,"32,185,173"
الخدمات الرقمية,عام,القطاع العام,خدمة إلكترونية جزئيا,2025/09/21,"32,191,337"
الخدمات الرقمية,عام,القطاع العام,خدمة إلكترونية جزئيا,2025/09/21,"32,190,584"
الخدمات الرقمية,عام,القطاع العام,خدمة إلكترونية جزئيا,2025/09/21,"32,185,231"
الخدمات الرقمية,عام,القطاع العام,خدمة إلكترونية جزئيا,2025/09/21,"32,187,475"
الخدمات الرقمية,عام,القطاع العام,خدمة إلكترونية جزئيا,2025/09/22,"32,205,696"
الخدمات الرقمية,عام,القطاع العام,خدمة إلكترونية جزئيا,2025/09/22,"32,217,423"
الخدمات الرقمية,عام,القطاع العام,خدمة إلكترونية جزئيا,2025/09/22,"32,217,293"
الخدمات الرقمية,عام,القطاع العام,خدمة إلكترونية جزئيا,2025/09/22,"32,205,403"
الخدمات الرقمية,عام,القطاع العام,خدمة إلكترونية جزئيا,2025/09/22,"32,216,726"
الخدمات الرقمية,عام,القطاع العام,خدمة إلكترونية جزئيا,2025/09/22,"32,207,642"
الخدمات الرقمية,عام,القطاع العام,خدمة إلكترونية جزئيا,2025/09/22,"32,216,406"
الخدمات الرقمية,عام,القطاع العام,خدمة إلكترونية جزئيا,2025/09/22,"32,214,119"
الخدمات الرقمية,عام,القطاع العام,خدمة إلكترونية جزئيا,2025/09/22,"32,212,621"
الخدمات الرقمية,عام,القطاع العام,خدمة إلكترونية جزئيا,2025/09/24,"32,263,121"
الخدمات الرقمية,عام,القطاع العام,خدمة إلكترونية جزئيا,2025/09/24,"32,256,639"
الخدمات الرقمية,عام,القطاع العام,خدمة إلكترونية جزئيا,2025/09/24,"32,263,477"
الخدمات الرقمية,عام,القطاع العام,خدمة إلكترونية جزئيا,2025/09/24,"32,257,004"
الخدمات الرقمية,عام,القطاع العام,خدمة إلكترونية جزئيا,2025/09/24,"32,257,079"
الخدمات الرقمية,عام,القطاع العام,خدمة إلكترونية جزئيا,2025/09/24,"32,257,796"
الخدمات الرقمية,عام,القطاع العام,خدمة إلكترونية جزئيا,2025/09/24,"32,243,550"
الخدمات الرقمية,عام,القطاع العام,خدمة إلكترونية جزئيا,2025/09/24,"32,257,613"
الخدمات الرقمية,عام,القطاع العام,خدمة إلكترونية جزئيا,2025/09/24,"32,242,372"
الخدمات الرقمية,عام,القطاع العام,خدمة إلكترونية جزئيا,2025/09/24,"32,254,652"
الخدمات الرقمية,عام,القطاع العام,خدمة إلكترونية جزئيا,2025/09/25,"32,277,905"
الخدمات الرقمية,عام,القطاع العام,خدمة إلكترونية جزئيا,2025/09/25,"32,278,068"
الخدمات الرقمية,عام,القطاع العام,خدمة إلكترونية جزئيا,2025/09/25,"32,275,656"
الخدمات الرقمية,عام,القطاع العام,خدمة إلكترونية جزئيا,2025/09/25,"32,281,334"
الخدمات الرقمية,عام,القطاع العام,خدمة إلكترونية جزئيا,2025/09/27,"32,306,286"
الخدمات الرقمية,عام,القطاع العام,خدمة إلكترونية جزئيا,2025/09/28,"32,316,729"
الخدمات الرقمية,عام,القطاع العام,خدمة إلكترونية جزئيا,2025/09/28,"32,313,278"
الخدمات الرقمية,عام,القطاع العام,خدمة إلكترونية جزئيا,2025/09/28,"32,312,952"
الخدمات الرقمية,عام,القطاع العام,خدمة إلكترونية جزئيا,2025/09/29,"32,344,702"
الخدمات الرقمية,عام,القطاع العام,خدمة إلكترونية جزئيا,2025/09/29,"32,351,048"
الخدمات الرقمية,عام,القطاع العام,خدمة إلكترونية جزئيا,2025/09/29,"32,336,560"
الخدمات الرقمية,عام,القطاع العام,خدمة إلكترونية جزئيا,2025/09/29,"32,328,370"
الخدمات الرقمية,عام,القطاع العام,خدمة إلكترونية جزئيا,2025/09/29,"32,331,687"
الخدمات الرقمية,عام,القطاع العام,خدمة إلكترونية جزئيا,2025/09/29,"32,336,352"
الخدمات الرقمية,عام,القطاع العام,خدمة إلكترونية جزئيا,2025/09/29,"32,330,927"
الخدمات الرقمية,عام,القطاع العام,خدمة إلكترونية جزئيا,2025/09/29,"32,330,720"
الخدمات الرقمية,عام,القطاع العام,خدمة إلكترونية جزئيا,2025/09/29,"32,330,674"
الخدمات الرقمية,عام,القطاع العام,خدمة إلكترونية جزئيا,2025/09/30,"32,352,480"
الخدمات الرقمية,عام,القطاع العام,خدمة إلكترونية جزئيا,2025/09/30,"32,366,809"
الخدمات الرقمية,عام,القطاع العام,خدمة إلكترونية جزئيا,2025/09/30,"32,373,835"
الخدمات الرقمية,عام,القطاع العام,خدمة إلكترونية جزئيا,2025/09/30,"32,352,994"
الخدمات الرقمية,عام,القطاع العام,خدمة إلكترونية جزئيا,2025/09/30,"32,373,894"
